palavra,quant,titulo,estilo
"[""Alabama",1,Home,alternativo
ArkansasI,1,Home,alternativo
love,2,Home,alternativo
paNot,1,Home,alternativo
that,2,Home,alternativo
youWell,1,Home,alternativo
holy,1,Home,alternativo
moly,1,Home,alternativo
myYou're,1,Home,alternativo
apple,1,Home,alternativo
eyeGirl,1,Home,alternativo
never,2,Home,alternativo
loved,2,Home,alternativo
like,2,Home,alternativo
"you""",5,Home,alternativo
"""Man",1,Home,alternativo
you're,2,Home,alternativo
best,1,Home,alternativo
friendI,1,Home,alternativo
scream,1,Home,alternativo
nothingnessThere,1,Home,alternativo
ain't,1,Home,alternativo
nothing,2,Home,alternativo
needWell,1,Home,alternativo
heavy,1,Home,alternativo
pumpkin,1,Home,alternativo
pieChocolate,1,Home,alternativo
candy,1,Home,alternativo
Jesus,1,Home,alternativo
ChristAin't,1,Home,alternativo
please,1,Home,alternativo
more,1,Home,alternativo
than,2,Home,alternativo
home,5,Home,alternativo
come,6,Home,alternativo
homeHome,6,Home,alternativo
wherever,4,Home,alternativo
with,8,Home,alternativo
youOh,3,Home,alternativo
"""La-la-la-la",1,Home,alternativo
take,1,Home,alternativo
homeMother,1,Home,alternativo
coming,1,Home,alternativo
"home""",1,Home,alternativo
daDa,1,Home,alternativo
"""I'll",1,Home,alternativo
follow,1,Home,alternativo
into,1,Home,alternativo
parkThrough,1,Home,alternativo
jungle,1,Home,alternativo
through,1,Home,alternativo
darkGirl,1,Home,alternativo
youMoats,1,Home,alternativo
boats,1,Home,alternativo
waterfallsAlleyways,1,Home,alternativo
phone,1,Home,alternativo
callsI,1,Home,alternativo
been,1,Home,alternativo
everywhere,1,Home,alternativo
laugh,1,Home,alternativo
until,1,Home,alternativo
think,1,Home,alternativo
we'll,1,Home,alternativo
dieBarefoot,1,Home,alternativo
summer,1,Home,alternativo
nightNothing,1,Home,alternativo
sweeter,1,Home,alternativo
youAnd,1,Home,alternativo
streets,1,Home,alternativo
a-freeLike,1,Home,alternativo
it's,1,Home,alternativo
only,1,Home,alternativo
meJeez,1,Home,alternativo
something,1,Home,alternativo
"see""",1,Home,alternativo
whenever,2,Home,alternativo
"""Home",1,Home,alternativo
"you""]",1,Home,alternativo
minha,2,Sorte Grande (Poeira),axe
sorte,2,Sorte Grande (Poeira),axe
grande,2,Sorte Grande (Poeira),axe
você,2,Sorte Grande (Poeira),axe
cair,2,Sorte Grande (Poeira),axe
céuMinha,2,Sorte Grande (Poeira),axe
paixão,2,Sorte Grande (Poeira),axe
verdadeiraViver,2,Sorte Grande (Poeira),axe
emoção,2,Sorte Grande (Poeira),axe
ganhar,2,Sorte Grande (Poeira),axe
coraçãoPra,2,Sorte Grande (Poeira),axe
feliz,2,Sorte Grande (Poeira),axe
vida,2,Sorte Grande (Poeira),axe
inteira',2,Sorte Grande (Poeira),axe
lindo,2,Sorte Grande (Poeira),axe
sorrisoO,2,Sorte Grande (Poeira),axe
brilho,2,Sorte Grande (Poeira),axe
teus,2,Sorte Grande (Poeira),axe
olhosMeu,2,Sorte Grande (Poeira),axe
anjo,2,Sorte Grande (Poeira),axe
querubimDoce,2,Sorte Grande (Poeira),axe
meus,4,Sorte Grande (Poeira),axe
beijosCalor,2,Sorte Grande (Poeira),axe
braçosPerfume,2,Sorte Grande (Poeira),axe
jasmim',2,Sorte Grande (Poeira),axe
'Chegou,3,Sorte Grande (Poeira),axe
espaço,3,Sorte Grande (Poeira),axe
mandando,3,Sorte Grande (Poeira),axe
pedaçoCom,3,Sorte Grande (Poeira),axe
amor,3,Sorte Grande (Poeira),axe
brincadeiraPegou,3,Sorte Grande (Poeira),axe
laço,3,Sorte Grande (Poeira),axe
dançou,3,Sorte Grande (Poeira),axe
compassoDe,3,Sorte Grande (Poeira),axe
prazer,3,Sorte Grande (Poeira),axe
levantou,9,Sorte Grande (Poeira),axe
poeira',7,Sorte Grande (Poeira),axe
'PoeiraPoeiraPoeiraLevantou,3,Sorte Grande (Poeira),axe
'Dun,1,Sorte Grande (Poeira),axe
dunDun,3,Sorte Grande (Poeira),axe
dun',1,Sorte Grande (Poeira),axe
'Poeira,1,Sorte Grande (Poeira),axe
poeira,3,Sorte Grande (Poeira),axe
PoeiraPoeiraLevantou,1,Sorte Grande (Poeira),axe
'PoeiraPoeira,1,Sorte Grande (Poeira),axe
Poeira,1,Sorte Grande (Poeira),axe
disse,1,Sorte Grande (Poeira),axe
Levantou,1,Sorte Grande (Poeira),axe
poeira'],1,Sorte Grande (Poeira),axe
"[""SorryIs",1,Baby Can I Hold You?,blues
that,3,Baby Can I Hold You?,blues
can't,3,Baby Can I Hold You?,blues
say?Years,3,Baby Can I Hold You?,blues
gone,3,Baby Can I Hold You?,blues
stillWords,3,Baby Can I Hold You?,blues
don't,3,Baby Can I Hold You?,blues
come,3,Baby Can I Hold You?,blues
easilyLike,3,Baby Can I Hold You?,blues
sorryLike,1,Baby Can I Hold You?,blues
"sorry""",1,Baby Can I Hold You?,blues
"""Forgive",1,Baby Can I Hold You?,blues
meIs,1,Baby Can I Hold You?,blues
forgive,1,Baby Can I Hold You?,blues
meForgive,1,Baby Can I Hold You?,blues
"""But",2,Baby Can I Hold You?,blues
say:,2,Baby Can I Hold You?,blues
BabyBaby,2,Baby Can I Hold You?,blues
hold,3,Baby Can I Hold You?,blues
tonight?Maybe,3,Baby Can I Hold You?,blues
told,3,Baby Can I Hold You?,blues
right,6,Baby Can I Hold You?,blues
wordsAt,3,Baby Can I Hold You?,blues
timeYou'd,3,Baby Can I Hold You?,blues
"mine""",2,Baby Can I Hold You?,blues
love,3,Baby Can I Hold You?,blues
youIs,1,Baby Can I Hold You?,blues
youI,1,Baby Can I Hold You?,blues
"you""",1,Baby Can I Hold You?,blues
"""Baby",1,Baby Can I Hold You?,blues
mineYou'd,2,Baby Can I Hold You?,blues
"mine""]",1,Baby Can I Hold You?,blues
['GuantanameraGuajira,1,Guantanamera,bolero
GuantanameraGuantanameraGuajira,6,Guantanamera,bolero
Guantanamera',5,Guantanamera,bolero
hombre,2,Guantanamera,bolero
sinceroDe,2,Guantanamera,bolero
donde,2,Guantanamera,bolero
crece,2,Guantanamera,bolero
palmaYo,1,Guantanamera,bolero
palma',1,Guantanamera,bolero
antes,2,Guantanamera,bolero
morir,4,Guantanamera,bolero
quieroEchar,2,Guantanamera,bolero
versos,2,Guantanamera,bolero
almaY,1,Guantanamera,bolero
alma',1,Guantanamera,bolero
'GuantanameraGuajira,5,Guantanamera,bolero
pongan,2,Guantanamera,bolero
oscuroA,2,Guantanamera,bolero
como,4,Guantanamera,bolero
traidorNo,1,Guantanamera,bolero
traidor',1,Guantanamera,bolero
bueno,2,Guantanamera,bolero
buenoMoriré,2,Guantanamera,bolero
cara,2,Guantanamera,bolero
solYo,1,Guantanamera,bolero
sol',1,Guantanamera,bolero
'Con,1,Guantanamera,bolero
pobres,2,Guantanamera,bolero
tierraQuiero,2,Guantanamera,bolero
suerte,2,Guantanamera,bolero
echarCon,1,Guantanamera,bolero
echar',1,Guantanamera,bolero
arroyo,2,Guantanamera,bolero
sierraMe,2,Guantanamera,bolero
complace,2,Guantanamera,bolero
marEl,1,Guantanamera,bolero
mar',1,Guantanamera,bolero
'Tiene,1,Guantanamera,bolero
leopardo,2,Guantanamera,bolero
abrigoEn,2,Guantanamera,bolero
monte,2,Guantanamera,bolero
seco,2,Guantanamera,bolero
pardoTiene,1,Guantanamera,bolero
pardoYo,1,Guantanamera,bolero
tengo,2,Guantanamera,bolero
leopardoPorque,1,Guantanamera,bolero
buen,1,Guantanamera,bolero
amigo',1,Guantanamera,bolero
Guantanamera'],1,Guantanamera,bolero
falar,4,Onde Anda Você (part. Toquinho),bossa-nova
saudadeOnde,1,Onde Anda Você (part. Toquinho),bossa-nova
anda,5,Onde Anda Você (part. Toquinho),bossa-nova
você?Onde,1,Onde Anda Você (part. Toquinho),bossa-nova
andam,1,Onde Anda Você (part. Toquinho),bossa-nova
seus,1,Onde Anda Você (part. Toquinho),bossa-nova
olhosQue,1,Onde Anda Você (part. Toquinho),bossa-nova
gente,3,Onde Anda Você (part. Toquinho),bossa-nova
vê?Onde,1,Onde Anda Você (part. Toquinho),bossa-nova
esse,1,Onde Anda Você (part. Toquinho),bossa-nova
corpoQue,1,Onde Anda Você (part. Toquinho),bossa-nova
deixou,1,Onde Anda Você (part. Toquinho),bossa-nova
mortoDe,1,Onde Anda Você (part. Toquinho),bossa-nova
tanto,1,Onde Anda Você (part. Toquinho),bossa-nova
prazer?',1,Onde Anda Você (part. Toquinho),bossa-nova
belezaOnde,1,Onde Anda Você (part. Toquinho),bossa-nova
cançãoQue,1,Onde Anda Você (part. Toquinho),bossa-nova
ouvia,1,Onde Anda Você (part. Toquinho),bossa-nova
noiteDos,1,Onde Anda Você (part. Toquinho),bossa-nova
bares,1,Onde Anda Você (part. Toquinho),bossa-nova
entãoOnde,1,Onde Anda Você (part. Toquinho),bossa-nova
ficavaOnde,1,Onde Anda Você (part. Toquinho),bossa-nova
amavaEm,1,Onde Anda Você (part. Toquinho),bossa-nova
total,1,Onde Anda Você (part. Toquinho),bossa-nova
solidão?',1,Onde Anda Você (part. Toquinho),bossa-nova
'Hoje,2,Onde Anda Você (part. Toquinho),bossa-nova
saio,2,Onde Anda Você (part. Toquinho),bossa-nova
noite,4,Onde Anda Você (part. Toquinho),bossa-nova
vaziaNuma,2,Onde Anda Você (part. Toquinho),bossa-nova
boemia,2,Onde Anda Você (part. Toquinho),bossa-nova
razão,4,Onde Anda Você (part. Toquinho),bossa-nova
serNa,2,Onde Anda Você (part. Toquinho),bossa-nova
rotina,2,Onde Anda Você (part. Toquinho),bossa-nova
baresQue,2,Onde Anda Você (part. Toquinho),bossa-nova
apesar,2,Onde Anda Você (part. Toquinho),bossa-nova
pesaresMe,2,Onde Anda Você (part. Toquinho),bossa-nova
trazem,2,Onde Anda Você (part. Toquinho),bossa-nova
você',2,Onde Anda Você (part. Toquinho),bossa-nova
paixãoEm,2,Onde Anda Você (part. Toquinho),bossa-nova
viverVocê,2,Onde Anda Você (part. Toquinho),bossa-nova
podia,2,Onde Anda Você (part. Toquinho),bossa-nova
aparecerNesses,2,Onde Anda Você (part. Toquinho),bossa-nova
mesmos,2,Onde Anda Você (part. Toquinho),bossa-nova
lugaresNa,2,Onde Anda Você (part. Toquinho),bossa-nova
baresOnde,2,Onde Anda Você (part. Toquinho),bossa-nova
você?',1,Onde Anda Você (part. Toquinho),bossa-nova
você?'],1,Onde Anda Você (part. Toquinho),bossa-nova
['Perdida,1,Toca o Trompete,brega
baileCom,2,Toca o Trompete,brega
pura,2,Toca o Trompete,brega
maldadePai,2,Toca o Trompete,brega
dela,4,Toca o Trompete,brega
sonhaMãe,2,Toca o Trompete,brega
sabeQue,2,Toca o Trompete,brega
filha,2,Toca o Trompete,brega
bandidaQue,2,Toca o Trompete,brega
sacanagemSaiu,2,Toca o Trompete,brega
amigasSó,2,Toca o Trompete,brega
chega,4,Toca o Trompete,brega
mais,4,Toca o Trompete,brega
tardeSó,2,Toca o Trompete,brega
tarde',2,Toca o Trompete,brega
quer?O,4,Toca o Trompete,brega
quer?',2,Toca o Trompete,brega
'Novinha,2,Toca o Trompete,brega
quer,5,Toca o Trompete,brega
sentar,2,Toca o Trompete,brega
pros,2,Toca o Trompete,brega
criaPede,2,Toca o Trompete,brega
putaria,2,Toca o Trompete,brega
então,2,Toca o Trompete,brega
dar',2,Toca o Trompete,brega
uhBalançou',1,Toca o Trompete,brega
'Gostosa,2,Toca o Trompete,brega
toda,2,Toca o Trompete,brega
delicinhaAmanheceu,2,Toca o Trompete,brega
sentarSe,1,Toca o Trompete,brega
isso,1,Toca o Trompete,brega
querEu,1,Toca o Trompete,brega
vai',1,Toca o Trompete,brega
'SentaEla,2,Toca o Trompete,brega
pede,7,Toca o Trompete,brega
cria,5,Toca o Trompete,brega
tapa,9,Toca o Trompete,brega
rabaNa,4,Toca o Trompete,brega
hora,4,Toca o Trompete,brega
querSentaToma,2,Toca o Trompete,brega
toma,12,Toca o Trompete,brega
tomaSentaEla,2,Toca o Trompete,brega
toma',1,Toca o Trompete,brega
'Toca,1,Toca o Trompete,brega
trompete,1,Toca o Trompete,brega
Caio,1,Toca o Trompete,brega
Djay',1,Toca o Trompete,brega
'Felipe,1,Toca o Trompete,brega
AmorimEssa,1,Toca o Trompete,brega
mina,1,Toca o Trompete,brega
sentar',2,Toca o Trompete,brega
'Perdida,1,Toca o Trompete,brega
raba,5,Toca o Trompete,brega
querSentaEla,1,Toca o Trompete,brega
querSenta,1,Toca o Trompete,brega
Tapa,3,Toca o Trompete,brega
Toma,1,Toca o Trompete,brega
"[""Amazing",1,Amazing Grace,classico
grace,7,Amazing Grace,classico
sweet,2,Amazing Grace,classico
soundThat,2,Amazing Grace,classico
saved,2,Amazing Grace,classico
wretch,2,Amazing Grace,classico
like,2,Amazing Grace,classico
once,2,Amazing Grace,classico
lost,2,Amazing Grace,classico
foundWas,2,Amazing Grace,classico
blind,2,Amazing Grace,classico
"see""",1,Amazing Grace,classico
"""'Twas",1,Amazing Grace,classico
that,3,Amazing Grace,classico
taught,1,Amazing Grace,classico
heart,1,Amazing Grace,classico
fearAnd,1,Amazing Grace,classico
fears,1,Amazing Grace,classico
relievedHow,1,Amazing Grace,classico
precious,1,Amazing Grace,classico
appearThe,1,Amazing Grace,classico
hour,1,Amazing Grace,classico
first,2,Amazing Grace,classico
"believed""",1,Amazing Grace,classico
"""Through",1,Amazing Grace,classico
many,1,Amazing Grace,classico
dangers,1,Amazing Grace,classico
toils,1,Amazing Grace,classico
snaresI,1,Amazing Grace,classico
have,1,Amazing Grace,classico
already,1,Amazing Grace,classico
come'Tis,1,Amazing Grace,classico
brought,1,Amazing Grace,classico
safe,1,Amazing Grace,classico
thus,1,Amazing Grace,classico
farAnd,1,Amazing Grace,classico
will,1,Amazing Grace,classico
lead,1,Amazing Grace,classico
"home""",1,Amazing Grace,classico
"""When",1,Amazing Grace,classico
we've,2,Amazing Grace,classico
been,1,Amazing Grace,classico
here,1,Amazing Grace,classico
thousand,1,Amazing Grace,classico
yearsBright,1,Amazing Grace,classico
shining,1,Amazing Grace,classico
SunWe've,1,Amazing Grace,classico
less,1,Amazing Grace,classico
days,1,Amazing Grace,classico
sing,1,Amazing Grace,classico
God's,1,Amazing Grace,classico
praiseThan,1,Amazing Grace,classico
when,1,Amazing Grace,classico
"begun""",1,Amazing Grace,classico
"""Amazing",1,Amazing Grace,classico
"see""]",1,Amazing Grace,classico
['Este,1,Ya No Vuelvas (part. Luck Ra y Ke Personajes),cuarteto
tema,1,Ya No Vuelvas (part. Luck Ra y Ke Personajes),cuarteto
dedicado,1,Ya No Vuelvas (part. Luck Ra y Ke Personajes),cuarteto
para,1,Ya No Vuelvas (part. Luck Ra y Ke Personajes),cuarteto
todosLos,1,Ya No Vuelvas (part. Luck Ra y Ke Personajes),cuarteto
alguna,1,Ya No Vuelvas (part. Luck Ra y Ke Personajes),cuarteto
sufrimos,1,Ya No Vuelvas (part. Luck Ra y Ke Personajes),cuarteto
corazón,2,Ya No Vuelvas (part. Luck Ra y Ke Personajes),cuarteto
rotoY,1,Ya No Vuelvas (part. Luck Ra y Ke Personajes),cuarteto
dice',1,Ya No Vuelvas (part. Luck Ra y Ke Personajes),cuarteto
'Miénteme,2,Ya No Vuelvas (part. Luck Ra y Ke Personajes),cuarteto
otra,2,Ya No Vuelvas (part. Luck Ra y Ke Personajes),cuarteto
tresLastímame,1,Ya No Vuelvas (part. Luck Ra y Ke Personajes),cuarteto
vuelta,1,Ya No Vuelvas (part. Luck Ra y Ke Personajes),cuarteto
acostumbréQue,1,Ya No Vuelvas (part. Luck Ra y Ke Personajes),cuarteto
haré,2,Ya No Vuelvas (part. Luck Ra y Ke Personajes),cuarteto
como,3,Ya No Vuelvas (part. Luck Ra y Ke Personajes),cuarteto
olvidéComo,1,Ya No Vuelvas (part. Luck Ra y Ke Personajes),cuarteto
superé',1,Ya No Vuelvas (part. Luck Ra y Ke Personajes),cuarteto
'Arriba,1,Ya No Vuelvas (part. Luck Ra y Ke Personajes),cuarteto
palmas',1,Ya No Vuelvas (part. Luck Ra y Ke Personajes),cuarteto
'Rómpeme,1,Ya No Vuelvas (part. Luck Ra y Ke Personajes),cuarteto
sentido,1,Ya No Vuelvas (part. Luck Ra y Ke Personajes),cuarteto
razónAunque,1,Ya No Vuelvas (part. Luck Ra y Ke Personajes),cuarteto
sepas,1,Ya No Vuelvas (part. Luck Ra y Ke Personajes),cuarteto
sufro,1,Ya No Vuelvas (part. Luck Ra y Ke Personajes),cuarteto
habitaciónQue,1,Ya No Vuelvas (part. Luck Ra y Ke Personajes),cuarteto
dolióComo,1,Ya No Vuelvas (part. Luck Ra y Ke Personajes),cuarteto
nunca,1,Ya No Vuelvas (part. Luck Ra y Ke Personajes),cuarteto
pasó',1,Ya No Vuelvas (part. Luck Ra y Ke Personajes),cuarteto
'Porque,2,Ya No Vuelvas (part. Luck Ra y Ke Personajes),cuarteto
realidad,2,Ya No Vuelvas (part. Luck Ra y Ke Personajes),cuarteto
sabes,4,Ya No Vuelvas (part. Luck Ra y Ke Personajes),cuarteto
dueleDarlo,2,Ya No Vuelvas (part. Luck Ra y Ke Personajes),cuarteto
todo,6,Ya No Vuelvas (part. Luck Ra y Ke Personajes),cuarteto
alguien,2,Ya No Vuelvas (part. Luck Ra y Ke Personajes),cuarteto
quiereDevuelve,2,Ya No Vuelvas (part. Luck Ra y Ke Personajes),cuarteto
tiempo,4,Ya No Vuelvas (part. Luck Ra y Ke Personajes),cuarteto
perdíEl,4,Ya No Vuelvas (part. Luck Ra y Ke Personajes),cuarteto
tanto,4,Ya No Vuelvas (part. Luck Ra y Ke Personajes),cuarteto
amor,4,Ya No Vuelvas (part. Luck Ra y Ke Personajes),cuarteto
compartí',2,Ya No Vuelvas (part. Luck Ra y Ke Personajes),cuarteto
"""Porque",2,Ya No Vuelvas (part. Luck Ra y Ke Personajes),cuarteto
mucho,2,Ya No Vuelvas (part. Luck Ra y Ke Personajes),cuarteto
queríaQue,2,Ya No Vuelvas (part. Luck Ra y Ke Personajes),cuarteto
pasara',2,Ya No Vuelvas (part. Luck Ra y Ke Personajes),cuarteto
años,2,Ya No Vuelvas (part. Luck Ra y Ke Personajes),cuarteto
míaDevuelve,2,Ya No Vuelvas (part. Luck Ra y Ke Personajes),cuarteto
"compartí""",2,Ya No Vuelvas (part. Luck Ra y Ke Personajes),cuarteto
vuelvasNo,6,Ya No Vuelvas (part. Luck Ra y Ke Personajes),cuarteto
quiero,6,Ya No Vuelvas (part. Luck Ra y Ke Personajes),cuarteto
lastimarme,6,Ya No Vuelvas (part. Luck Ra y Ke Personajes),cuarteto
vueltaDe,6,Ya No Vuelvas (part. Luck Ra y Ke Personajes),cuarteto
perdonarte,6,Ya No Vuelvas (part. Luck Ra y Ke Personajes),cuarteto
perdí,6,Ya No Vuelvas (part. Luck Ra y Ke Personajes),cuarteto
cuentaY,6,Ya No Vuelvas (part. Luck Ra y Ke Personajes),cuarteto
sueñas,6,Ya No Vuelvas (part. Luck Ra y Ke Personajes),cuarteto
conmigo,6,Ya No Vuelvas (part. Luck Ra y Ke Personajes),cuarteto
pedime,6,Ya No Vuelvas (part. Luck Ra y Ke Personajes),cuarteto
perdón',4,Ya No Vuelvas (part. Luck Ra y Ke Personajes),cuarteto
perdón,1,Ya No Vuelvas (part. Luck Ra y Ke Personajes),cuarteto
eh-eh',1,Ya No Vuelvas (part. Luck Ra y Ke Personajes),cuarteto
siempreLuck,1,Ya No Vuelvas (part. Luck Ra y Ke Personajes),cuarteto
Konga,1,Ya No Vuelvas (part. Luck Ra y Ke Personajes),cuarteto
PersonajesLas,1,Ya No Vuelvas (part. Luck Ra y Ke Personajes),cuarteto
manitos,1,Ya No Vuelvas (part. Luck Ra y Ke Personajes),cuarteto
arriba',1,Ya No Vuelvas (part. Luck Ra y Ke Personajes),cuarteto
igual,1,Ya No Vuelvas (part. Luck Ra y Ke Personajes),cuarteto
ayerY,1,Ya No Vuelvas (part. Luck Ra y Ke Personajes),cuarteto
sueños,1,Ya No Vuelvas (part. Luck Ra y Ke Personajes),cuarteto
perdonaré',1,Ya No Vuelvas (part. Luck Ra y Ke Personajes),cuarteto
perdón'],1,Ya No Vuelvas (part. Luck Ra y Ke Personajes),cuarteto
['AyLa,1,Si Supieras (part. ECKO),cumbia
Ecko,2,Si Supieras (part. ECKO),cumbia
E-E-E-EckoLe,1,Si Supieras (part. ECKO),cumbia
mandamos,2,Si Supieras (part. ECKO),cumbia
cumbia,2,Si Supieras (part. ECKO),cumbia
perro,2,Si Supieras (part. ECKO),cumbia
'Mami,2,Si Supieras (part. ECKO),cumbia
estoy,6,Si Supieras (part. ECKO),cumbia
loco,6,Si Supieras (part. ECKO),cumbia
tenerteMami,3,Si Supieras (part. ECKO),cumbia
besarteEsperando,3,Si Supieras (part. ECKO),cumbia
volver,4,Si Supieras (part. ECKO),cumbia
vertePara,3,Si Supieras (part. ECKO),cumbia
poder,3,Si Supieras (part. ECKO),cumbia
confesarte,3,Si Supieras (part. ECKO),cumbia
nuestro,1,Si Supieras (part. ECKO),cumbia
aparte',1,Si Supieras (part. ECKO),cumbia
'Ando,1,Si Supieras (part. ECKO),cumbia
ocupado,1,Si Supieras (part. ECKO),cumbia
busca,2,Si Supieras (part. ECKO),cumbia
moneyPor,1,Si Supieras (part. ECKO),cumbia
poliLogo,1,Si Supieras (part. ECKO),cumbia
squad,2,Si Supieras (part. ECKO),cumbia
lleva,1,Si Supieras (part. ECKO),cumbia
hoodie,1,Si Supieras (part. ECKO),cumbia
Conmigo,1,Si Supieras (part. ECKO),cumbia
vive,1,Si Supieras (part. ECKO),cumbia
movie',1,Si Supieras (part. ECKO),cumbia
'Mamacita,3,Si Supieras (part. ECKO),cumbia
supieras,3,Si Supieras (part. ECKO),cumbia
superaTu,3,Si Supieras (part. ECKO),cumbia
recuerdo,3,Si Supieras (part. ECKO),cumbia
tiene,3,Si Supieras (part. ECKO),cumbia
prendiendo,3,Si Supieras (part. ECKO),cumbia
velasFumando,3,Si Supieras (part. ECKO),cumbia
ahogando,3,Si Supieras (part. ECKO),cumbia
penasSi,3,Si Supieras (part. ECKO),cumbia
supierasQue,3,Si Supieras (part. ECKO),cumbia
olvidarte,3,Si Supieras (part. ECKO),cumbia
manera',3,Si Supieras (part. ECKO),cumbia
'Aaaay,1,Si Supieras (part. ECKO),cumbia
esto,1,Si Supieras (part. ECKO),cumbia
todavía,1,Si Supieras (part. ECKO),cumbia
tengo,2,Si Supieras (part. ECKO),cumbia
video,1,Si Supieras (part. ECKO),cumbia
mueran,1,Si Supieras (part. ECKO),cumbia
feosDe,1,Si Supieras (part. ECKO),cumbia
cuando,3,Si Supieras (part. ECKO),cumbia
llevaba,1,Si Supieras (part. ECKO),cumbia
culito,1,Si Supieras (part. ECKO),cumbia
trofeoDe,1,Si Supieras (part. ECKO),cumbia
grabamos,1,Si Supieras (part. ECKO),cumbia
piola,1,Si Supieras (part. ECKO),cumbia
pasamosEs,1,Si Supieras (part. ECKO),cumbia
somos,1,Si Supieras (part. ECKO),cumbia
nada,1,Si Supieras (part. ECKO),cumbia
pero,3,Si Supieras (part. ECKO),cumbia
siempre,1,Si Supieras (part. ECKO),cumbia
celamos',1,Si Supieras (part. ECKO),cumbia
'Como,1,Si Supieras (part. ECKO),cumbia
Jhayco,1,Si Supieras (part. ECKO),cumbia
cama,1,Si Supieras (part. ECKO),cumbia
matamosTirame,1,Si Supieras (part. ECKO),cumbia
location,1,Si Supieras (part. ECKO),cumbia
quieras,3,Si Supieras (part. ECKO),cumbia
encontramosY,1,Si Supieras (part. ECKO),cumbia
bobo,1,Si Supieras (part. ECKO),cumbia
dile,1,Si Supieras (part. ECKO),cumbia
peleamosDile,1,Si Supieras (part. ECKO),cumbia
como,3,Si Supieras (part. ECKO),cumbia
quiera,1,Si Supieras (part. ECKO),cumbia
intentamos',1,Si Supieras (part. ECKO),cumbia
mente,1,Si Supieras (part. ECKO),cumbia
mami,1,Si Supieras (part. ECKO),cumbia
puedo,1,Si Supieras (part. ECKO),cumbia
sacarteQuiero,1,Si Supieras (part. ECKO),cumbia
llamarte,1,Si Supieras (part. ECKO),cumbia
salir,1,Si Supieras (part. ECKO),cumbia
buscartePintó,1,Si Supieras (part. ECKO),cumbia
stalkearte,1,Si Supieras (part. ECKO),cumbia
redes,1,Si Supieras (part. ECKO),cumbia
bloqueasteToas,1,Si Supieras (part. ECKO),cumbia
fotos,1,Si Supieras (part. ECKO),cumbia
tenía,1,Si Supieras (part. ECKO),cumbia
borrasteAsí,1,Si Supieras (part. ECKO),cumbia
pa'l,2,Si Supieras (part. ECKO),cumbia
baile,2,Si Supieras (part. ECKO),cumbia
olvidarteEscucho,2,Si Supieras (part. ECKO),cumbia
temas,2,Si Supieras (part. ECKO),cumbia
"dedicaste""",1,Si Supieras (part. ECKO),cumbia
"""Así",1,Si Supieras (part. ECKO),cumbia
dedicasteYo,1,Si Supieras (part. ECKO),cumbia
sigo,2,Si Supieras (part. ECKO),cumbia
sentado,2,Si Supieras (part. ECKO),cumbia
esquina,2,Si Supieras (part. ECKO),cumbia
pensando,2,Si Supieras (part. ECKO),cumbia
gilTe,2,Si Supieras (part. ECKO),cumbia
buscaste,2,Si Supieras (part. ECKO),cumbia
nuevo,2,Si Supieras (part. ECKO),cumbia
parece,2,Si Supieras (part. ECKO),cumbia
míPensaste,2,Si Supieras (part. ECKO),cumbia
fácil,2,Si Supieras (part. ECKO),cumbia
asíCuando,1,Si Supieras (part. ECKO),cumbia
estar,1,Si Supieras (part. ECKO),cumbia
"ahí""",1,Si Supieras (part. ECKO),cumbia
así',1,Si Supieras (part. ECKO),cumbia
amor',2,Si Supieras (part. ECKO),cumbia
'Que,1,Si Supieras (part. ECKO),cumbia
Cristian,1,Si Supieras (part. ECKO),cumbia
KrizAaaay,1,Si Supieras (part. ECKO),cumbia
MJuani,1,Si Supieras (part. ECKO),cumbia
controlesEcko,1,Si Supieras (part. ECKO),cumbia
ja'],1,Si Supieras (part. ECKO),cumbia
['Si,1,Dubidubidu,dance
quieres,7,Dubidubidu,dance
bailar,2,Dubidubidu,dance
jugar,4,Dubidubidu,dance
pintar,2,Dubidubidu,dance
cantarTú,2,Dubidubidu,dance
puedes,3,Dubidubidu,dance
venir,6,Dubidubidu,dance
casaLa,2,Dubidubidu,dance
idea,2,Dubidubidu,dance
compartirTe,2,Dubidubidu,dance
divertirSi,2,Dubidubidu,dance
casa',4,Dubidubidu,dance
'Quiero,2,Dubidubidu,dance
invitar,2,Dubidubidu,dance
casaA,2,Dubidubidu,dance
todas,2,Dubidubidu,dance
amigas,2,Dubidubidu,dance
amigosQuiero,2,Dubidubidu,dance
saltar,2,Dubidubidu,dance
bailarY,2,Dubidubidu,dance
tengo,2,Dubidubidu,dance
compartir,2,Dubidubidu,dance
contigo',2,Dubidubidu,dance
'Chipi,12,Dubidubidu,dance
chipi,12,Dubidubidu,dance
chapa,12,Dubidubidu,dance
chapaDubi,12,Dubidubidu,dance
dubi,24,Dubidubidu,dance
daba,12,Dubidubidu,dance
dabaMágico,12,Dubidubidu,dance
dubiBum,6,Dubidubidu,dance
bum',6,Dubidubidu,dance
dubiBum',5,Dubidubidu,dance
cantar,4,Dubidubidu,dance
enseñarSi,2,Dubidubidu,dance
casaLe,2,Dubidubidu,dance
digo,2,Dubidubidu,dance
mamá,2,Dubidubidu,dance
diga,2,Dubidubidu,dance
mamáQue,2,Dubidubidu,dance
deje,2,Dubidubidu,dance
venirte,2,Dubidubidu,dance
'Tengo,2,Dubidubidu,dance
muñeco,2,Dubidubidu,dance
regalónQue,2,Dubidubidu,dance
biberón,2,Dubidubidu,dance
llora,4,Dubidubidu,dance
libreta,2,Dubidubidu,dance
canciónQue,2,Dubidubidu,dance
todos,2,Dubidubidu,dance
vamos,2,Dubidubidu,dance
ahora',2,Dubidubidu,dance
dubiBum'],1,Dubidubidu,dance
"[""It's",1,Gyal You A Party Animal,dancehall
CharlyGirlsMy,1,Gyal You A Party Animal,dancehall
girl,1,Gyal You A Party Animal,dancehall
come,6,Gyal You A Party Animal,dancehall
flip,4,Gyal You A Party Animal,dancehall
like,14,Gyal You A Party Animal,dancehall
FlipagramFlip,3,Gyal You A Party Animal,dancehall
FlipagramMake,1,Gyal You A Party Animal,dancehall
bumpa,1,Gyal You A Party Animal,dancehall
Flipagram,2,Gyal You A Party Animal,dancehall
deaf?,2,Gyal You A Party Animal,dancehall
Gyal,1,Gyal You A Party Animal,dancehall
whine,21,Gyal You A Party Animal,dancehall
body,7,Gyal You A Party Animal,dancehall
gyalWhine,4,Gyal You A Party Animal,dancehall
it's,1,Gyal You A Party Animal,dancehall
carnivalGyal,4,Gyal You A Party Animal,dancehall
love,7,Gyal You A Party Animal,dancehall
meGyal,3,Gyal You A Party Animal,dancehall
your,8,Gyal You A Party Animal,dancehall
emotionalSo,3,Gyal You A Party Animal,dancehall
gyalMe,4,Gyal You A Party Animal,dancehall
wan',4,Gyal You A Party Animal,dancehall
waistline,4,Gyal You A Party Animal,dancehall
meBaby,1,Gyal You A Party Animal,dancehall
bubblin',11,Gyal You A Party Animal,dancehall
babyGyal,4,Gyal You A Party Animal,dancehall
party,13,Gyal You A Party Animal,dancehall
animalGyal,5,Gyal You A Party Animal,dancehall
active,3,Gyal You A Party Animal,dancehall
lazyGyal,3,Gyal You A Party Animal,dancehall
animalTo,3,Gyal You A Party Animal,dancehall
drive,3,Gyal You A Party Animal,dancehall
crazyGyal,3,Gyal You A Party Animal,dancehall
animalYou,3,Gyal You A Party Animal,dancehall
good,3,Gyal You A Party Animal,dancehall
just,8,Gyal You A Party Animal,dancehall
goodGyal,3,Gyal You A Party Animal,dancehall
partyShe,1,Gyal You A Party Animal,dancehall
took,1,Gyal You A Party Animal,dancehall
shot,3,Gyal You A Party Animal,dancehall
three,1,Gyal You A Party Animal,dancehall
fourAfter,1,Gyal You A Party Animal,dancehall
nine,1,Gyal You A Party Animal,dancehall
minutes,1,Gyal You A Party Animal,dancehall
back,2,Gyal You A Party Animal,dancehall
moreShe,1,Gyal You A Party Animal,dancehall
take,1,Gyal You A Party Animal,dancehall
shoes,1,Gyal You A Party Animal,dancehall
dancefloorAnd,1,Gyal You A Party Animal,dancehall
start,1,Gyal You A Party Animal,dancehall
bruk,2,Gyal You A Party Animal,dancehall
soreThen,1,Gyal You A Party Animal,dancehall
approach,1,Gyal You A Party Animal,dancehall
cureMe,1,Gyal You A Party Animal,dancehall
know,2,Gyal You A Party Animal,dancehall
tonight,1,Gyal You A Party Animal,dancehall
scoreShe,1,Gyal You A Party Animal,dancehall
sexy,1,Gyal You A Party Animal,dancehall
beautiful,1,Gyal You A Party Animal,dancehall
pureGyal,1,Gyal You A Party Animal,dancehall
adore,1,Gyal You A Party Animal,dancehall
soGyal,1,Gyal You A Party Animal,dancehall
whoa,2,Gyal You A Party Animal,dancehall
Baby,2,Gyal You A Party Animal,dancehall
dance,1,Gyal You A Party Animal,dancehall
partyGyal,1,Gyal You A Party Animal,dancehall
ting,2,Gyal You A Party Animal,dancehall
dehMe,1,Gyal You A Party Animal,dancehall
where,1,Gyal You A Party Animal,dancehall
from,1,Gyal You A Party Animal,dancehall
dehGyal,1,Gyal You A Party Animal,dancehall
send,1,Gyal You A Party Animal,dancehall
meet,1,Gyal You A Party Animal,dancehall
tonightMe,1,Gyal You A Party Animal,dancehall
follow,1,Gyal You A Party Animal,dancehall
morning,1,Gyal You A Party Animal,dancehall
dehNo,1,Gyal You A Party Animal,dancehall
worry,1,Gyal You A Party Animal,dancehall
'bout,1,Gyal You A Party Animal,dancehall
friends,1,Gyal You A Party Animal,dancehall
they're,1,Gyal You A Party Animal,dancehall
with,1,Gyal You A Party Animal,dancehall
friendsAfter,1,Gyal You A Party Animal,dancehall
club,1,Gyal You A Party Animal,dancehall
endsSo,1,Gyal You A Party Animal,dancehall
gyal,1,Gyal You A Party Animal,dancehall
FlipagramRight,1,Gyal You A Party Animal,dancehall
this,1,Gyal You A Party Animal,dancehall
momentWhine,1,Gyal You A Party Animal,dancehall
youWhine,1,Gyal You A Party Animal,dancehall
me'MotionalBody,1,Gyal You A Party Animal,dancehall
Bubblin',1,Gyal You A Party Animal,dancehall
"animal""]",1,Gyal You A Party Animal,dancehall
don't,2,The Winner Takes It All,disco
wanna,2,The Winner Takes It All,disco
talkAbout,1,The Winner Takes It All,disco
things,1,The Winner Takes It All,disco
we've,1,The Winner Takes It All,disco
gone,1,The Winner Takes It All,disco
throughThough,1,The Winner Takes It All,disco
it's,5,The Winner Takes It All,disco
hurting,1,The Winner Takes It All,disco
meNow,1,The Winner Takes It All,disco
historyI've,1,The Winner Takes It All,disco
played,1,The Winner Takes It All,disco
cardsAnd,1,The Winner Takes It All,disco
that's,1,The Winner Takes It All,disco
what,2,The Winner Takes It All,disco
you've,1,The Winner Takes It All,disco
done,1,The Winner Takes It All,disco
tooNothing,1,The Winner Takes It All,disco
more,2,The Winner Takes It All,disco
sayNo,1,The Winner Takes It All,disco
"play""",1,The Winner Takes It All,disco
"""The",2,The Winner Takes It All,disco
winner,6,The Winner Takes It All,disco
takes,8,The Winner Takes It All,disco
allThe,2,The Winner Takes It All,disco
loser's,1,The Winner Takes It All,disco
standing,1,The Winner Takes It All,disco
smallBeside,1,The Winner Takes It All,disco
victoryThat's,1,The Winner Takes It All,disco
"destiny""",1,The Winner Takes It All,disco
your,2,The Winner Takes It All,disco
armsThinking,1,The Winner Takes It All,disco
belonged,1,The Winner Takes It All,disco
thereI,1,The Winner Takes It All,disco
figured,1,The Winner Takes It All,disco
made,1,The Winner Takes It All,disco
senseBuilding,1,The Winner Takes It All,disco
fenceBuilding,1,The Winner Takes It All,disco
homeThinking,1,The Winner Takes It All,disco
strong,1,The Winner Takes It All,disco
thereBut,1,The Winner Takes It All,disco
foolPlaying,1,The Winner Takes It All,disco
"rules""",1,The Winner Takes It All,disco
'The,4,The Winner Takes It All,disco
gods,1,The Winner Takes It All,disco
throw,1,The Winner Takes It All,disco
diceTheir,1,The Winner Takes It All,disco
minds,1,The Winner Takes It All,disco
cold,2,The Winner Takes It All,disco
iceAnd,1,The Winner Takes It All,disco
someone,3,The Winner Takes It All,disco
down,2,The Winner Takes It All,disco
hereLoses,1,The Winner Takes It All,disco
dear',1,The Winner Takes It All,disco
loser,2,The Winner Takes It All,disco
fall,2,The Winner Takes It All,disco
It's,1,The Winner Takes It All,disco
simple,1,The Winner Takes It All,disco
plain,2,The Winner Takes It All,disco
should,1,The Winner Takes It All,disco
complain?,2,The Winner Takes It All,disco
'But,1,The Winner Takes It All,disco
tell,1,The Winner Takes It All,disco
does,1,The Winner Takes It All,disco
kissLike,1,The Winner Takes It All,disco
used,1,The Winner Takes It All,disco
kiss,1,The Winner Takes It All,disco
you?Does,1,The Winner Takes It All,disco
feel,3,The Winner Takes It All,disco
sameWhen,1,The Winner Takes It All,disco
calls,1,The Winner Takes It All,disco
name?Somewhere,1,The Winner Takes It All,disco
deep,1,The Winner Takes It All,disco
insideYou,1,The Winner Takes It All,disco
must,2,The Winner Takes It All,disco
know,1,The Winner Takes It All,disco
miss,1,The Winner Takes It All,disco
youBut,1,The Winner Takes It All,disco
say?Rules,1,The Winner Takes It All,disco
obeyed',1,The Winner Takes It All,disco
judges,1,The Winner Takes It All,disco
will,2,The Winner Takes It All,disco
decide,2,The Winner Takes It All,disco
likes,1,The Winner Takes It All,disco
abide,2,The Winner Takes It All,disco
Spectators,1,The Winner Takes It All,disco
show,2,The Winner Takes It All,disco
Always,1,The Winner Takes It All,disco
staying,2,The Winner Takes It All,disco
game,1,The Winner Takes It All,disco
again,2,The Winner Takes It All,disco
lover,1,The Winner Takes It All,disco
friend,2,The Winner Takes It All,disco
thing,1,The Winner Takes It All,disco
small,2,The Winner Takes It All,disco
talkIf,1,The Winner Takes It All,disco
makes,2,The Winner Takes It All,disco
sadAnd,1,The Winner Takes It All,disco
understandYou've,1,The Winner Takes It All,disco
come,1,The Winner Takes It All,disco
shake,1,The Winner Takes It All,disco
handI,1,The Winner Takes It All,disco
apologizeIf,1,The Winner Takes It All,disco
badSeeing,1,The Winner Takes It All,disco
tenseNo,1,The Winner Takes It All,disco
self-confidenceBut,1,The Winner Takes It All,disco
"see""",1,The Winner Takes It All,disco
all',1,The Winner Takes It All,disco
allAnd,1,The Winner Takes It All,disco
fallThrow,1,The Winner Takes It All,disco
dice,1,The Winner Takes It All,disco
iceWay,1,The Winner Takes It All,disco
here,1,The Winner Takes It All,disco
dearTakes,1,The Winner Takes It All,disco
fallYes,1,The Winner Takes It All,disco
plainWhy,1,The Winner Takes It All,disco
"complain?""]",1,The Winner Takes It All,disco
['Pedindo,1,Sou Musa do Verão (part. Luísa Sonza),eletronica
pente,1,Sou Musa do Verão (part. Luísa Sonza),eletronica
nightE,1,Sou Musa do Verão (part. Luísa Sonza),eletronica
manhã,1,Sou Musa do Verão (part. Luísa Sonza),eletronica
acordo,1,Sou Musa do Verão (part. Luísa Sonza),eletronica
pedindo,1,Sou Musa do Verão (part. Luísa Sonza),eletronica
maisFaz,1,Sou Musa do Verão (part. Luísa Sonza),eletronica
quero,5,Sou Musa do Verão (part. Luísa Sonza),eletronica
bemEu,1,Sou Musa do Verão (part. Luísa Sonza),eletronica
saudade,1,Sou Musa do Verão (part. Luísa Sonza),eletronica
macete,1,Sou Musa do Verão (part. Luísa Sonza),eletronica
tem',1,Sou Musa do Verão (part. Luísa Sonza),eletronica
"""Enquanto",2,Sou Musa do Verão (part. Luísa Sonza),eletronica
tempo,2,Sou Musa do Verão (part. Luísa Sonza),eletronica
para,2,Sou Musa do Verão (part. Luísa Sonza),eletronica
devagar,2,Sou Musa do Verão (part. Luísa Sonza),eletronica
beija,2,Sou Musa do Verão (part. Luísa Sonza),eletronica
forteSe,2,Sou Musa do Verão (part. Luísa Sonza),eletronica
sonho,2,Sou Musa do Verão (part. Luísa Sonza),eletronica
baby,2,Sou Musa do Verão (part. Luísa Sonza),eletronica
don't,2,Sou Musa do Verão (part. Luísa Sonza),eletronica
knowOlho,2,Sou Musa do Verão (part. Luísa Sonza),eletronica
pele,2,Sou Musa do Verão (part. Luísa Sonza),eletronica
corpo,2,Sou Musa do Verão (part. Luísa Sonza),eletronica
lambuzo,2,Sou Musa do Verão (part. Luísa Sonza),eletronica
gostoBaby,2,Sou Musa do Verão (part. Luísa Sonza),eletronica
wanna,2,Sou Musa do Verão (part. Luísa Sonza),eletronica
"come""",2,Sou Musa do Verão (part. Luísa Sonza),eletronica
Make,12,Sou Musa do Verão (part. Luísa Sonza),eletronica
ah-ah-ah,12,Sou Musa do Verão (part. Luísa Sonza),eletronica
então,4,Sou Musa do Verão (part. Luísa Sonza),eletronica
mais,4,Sou Musa do Verão (part. Luísa Sonza),eletronica
fazGet,4,Sou Musa do Verão (part. Luísa Sonza),eletronica
high,2,Sou Musa do Verão (part. Luísa Sonza),eletronica
high',2,Sou Musa do Verão (part. Luísa Sonza),eletronica
hum',2,Sou Musa do Verão (part. Luísa Sonza),eletronica
'Bota,2,Sou Musa do Verão (part. Luísa Sonza),eletronica
minha,8,Sou Musa do Verão (part. Luísa Sonza),eletronica
calcinha,10,Sou Musa do Verão (part. Luísa Sonza),eletronica
lado,10,Sou Musa do Verão (part. Luísa Sonza),eletronica
puto,14,Sou Musa do Verão (part. Luísa Sonza),eletronica
putoBota,6,Sou Musa do Verão (part. Luísa Sonza),eletronica
mim',3,Sou Musa do Verão (part. Luísa Sonza),eletronica
'Sou,1,Sou Musa do Verão (part. Luísa Sonza),eletronica
musa,2,Sou Musa do Verão (part. Luísa Sonza),eletronica
verão,2,Sou Musa do Verão (part. Luísa Sonza),eletronica
calor,1,Sou Musa do Verão (part. Luísa Sonza),eletronica
coraçãoO,1,Sou Musa do Verão (part. Luísa Sonza),eletronica
gosto,1,Sou Musa do Verão (part. Luísa Sonza),eletronica
beijo,1,Sou Musa do Verão (part. Luísa Sonza),eletronica
trouxe,1,Sou Musa do Verão (part. Luísa Sonza),eletronica
alucinaçãoÉ,1,Sou Musa do Verão (part. Luísa Sonza),eletronica
posso,1,Sou Musa do Verão (part. Luísa Sonza),eletronica
dizer,1,Sou Musa do Verão (part. Luísa Sonza),eletronica
você,2,Sou Musa do Verão (part. Luísa Sonza),eletronica
tesãoE,1,Sou Musa do Verão (part. Luísa Sonza),eletronica
penso,1,Sou Musa do Verão (part. Luísa Sonza),eletronica
toda,1,Sou Musa do Verão (part. Luísa Sonza),eletronica
hora,1,Sou Musa do Verão (part. Luísa Sonza),eletronica
passando,1,Sou Musa do Verão (part. Luísa Sonza),eletronica
mão',1,Sou Musa do Verão (part. Luísa Sonza),eletronica
'Minha,1,Sou Musa do Verão (part. Luísa Sonza),eletronica
putoMinha,1,Sou Musa do Verão (part. Luísa Sonza),eletronica
never,16,The Ghost Of You,emocore
said,1,The Ghost Of You,emocore
wait,1,The Ghost Of You,emocore
foreverIf,1,The Ghost Of You,emocore
died,1,The Ghost Of You,emocore
we'd,1,The Ghost Of You,emocore
together,1,The Ghost Of You,emocore
nowI,1,The Ghost Of You,emocore
can't,1,The Ghost Of You,emocore
always,1,The Ghost Of You,emocore
just,1,The Ghost Of You,emocore
forget,1,The Ghost Of You,emocore
herBut,1,The Ghost Of You,emocore
could,1,The Ghost Of You,emocore
"try""",1,The Ghost Of You,emocore
world,3,The Ghost Of You,emocore
last,3,The Ghost Of You,emocore
thing,3,The Ghost Of You,emocore
seeYou,3,The Ghost Of You,emocore
coming,12,The Ghost Of You,emocore
home,6,The Ghost Of You,emocore
homeCould,4,The Ghost Of You,emocore
Should,4,The Ghost Of You,emocore
I?And,4,The Ghost Of You,emocore
things,3,The Ghost Of You,emocore
that,11,The Ghost Of You,emocore
ever,8,The Ghost Of You,emocore
told,3,The Ghost Of You,emocore
meAnd,3,The Ghost Of You,emocore
smiles,3,The Ghost Of You,emocore
ever',1,The Ghost Of You,emocore
"""Ever",1,The Ghost Of You,emocore
feeling,1,The Ghost Of You,emocore
you're,1,The Ghost Of You,emocore
alone?And,1,The Ghost Of You,emocore
remember,1,The Ghost Of You,emocore
nowAt,1,The Ghost Of You,emocore
lungs,1,The Ghost Of You,emocore
arms,1,The Ghost Of You,emocore
dies,1,The Ghost Of You,emocore
"dies""",1,The Ghost Of You,emocore
gonna,4,The Ghost Of You,emocore
haunt,2,The Ghost Of You,emocore
'Never,2,The Ghost Of You,emocore
wounds,2,The Ghost Of You,emocore
scar,2,The Ghost Of You,emocore
meFor,2,The Ghost Of You,emocore
ghosts,2,The Ghost Of You,emocore
catch,1,The Ghost Of You,emocore
fallIf,1,The Ghost Of You,emocore
fall,1,The Ghost Of You,emocore
down',1,The Ghost Of You,emocore
homeNever,1,The Ghost Of You,emocore
homeAnd,1,The Ghost Of You,emocore
going,1,The Ghost Of You,emocore
gonna'],1,The Ghost Of You,emocore
['De,1,Pica Do 7,fado
manhã,1,Pica Do 7,fado
cedinho,1,Pica Do 7,fado
salto,1,Pica Do 7,fado
ninhoE,1,Pica Do 7,fado
paragemDe,1,Pica Do 7,fado
bandolete,1,Pica Do 7,fado
espera,1,Pica Do 7,fado
pela,1,Pica Do 7,fado
viagemEu,1,Pica Do 7,fado
queriaMas,1,Pica Do 7,fado
certo,1,Pica Do 7,fado
vi-o,1,Pica Do 7,fado
passarE,1,Pica Do 7,fado
peito,4,Pica Do 7,fado
céptico,2,Pica Do 7,fado
pica,5,Pica Do 7,fado
eléctricoVoltou,1,Pica Do 7,fado
sonhar',1,Pica Do 7,fado
cada,1,Pica Do 7,fado
repique,1,Pica Do 7,fado
cliqueDaquele,1,Pica Do 7,fado
alicateNum,1,Pica Do 7,fado
modo,1,Pica Do 7,fado
frenético,1,Pica Do 7,fado
toca,1,Pica Do 7,fado
rebateSe,1,Pica Do 7,fado
trem,2,Pica Do 7,fado
descarrila,1,Pica Do 7,fado
povo,1,Pica Do 7,fado
refilaE,1,Pica Do 7,fado
fico,1,Pica Do 7,fado
sinoPois,1,Pica Do 7,fado
mero,1,Pica Do 7,fado
trajeto,1,Pica Do 7,fado
caso,1,Pica Do 7,fado
concretoÉ,1,Pica Do 7,fado
destino',1,Pica Do 7,fado
'Ninguém,2,Pica Do 7,fado
acredita,2,Pica Do 7,fado
estado,2,Pica Do 7,fado
ficaO,2,Pica Do 7,fado
coraçãoQuando,2,Pica Do 7,fado
apanhaAté,2,Pica Do 7,fado
acho,2,Pica Do 7,fado
senha,2,Pica Do 7,fado
salta,2,Pica Do 7,fado
mãoPois,2,Pica Do 7,fado
carreira,2,Pica Do 7,fado
desta,2,Pica Do 7,fado
vida,2,Pica Do 7,fado
vãMais,2,Pica Do 7,fado
nada,2,Pica Do 7,fado
sete,2,Pica Do 7,fado
'Que,1,Pica Do 7,fado
triste,1,Pica Do 7,fado
fadário,1,Pica Do 7,fado
itinerário,1,Pica Do 7,fado
infelizCruzar,1,Pica Do 7,fado
horárioCom,1,Pica Do 7,fado
funcionário,1,Pica Do 7,fado
carrisSe,1,Pica Do 7,fado
perguntasseSe,1,Pica Do 7,fado
livre,1,Pica Do 7,fado
passe,1,Pica Do 7,fado
alguémVá-se,1,Pica Do 7,fado
saberTalvez,1,Pica Do 7,fado
oblitere,1,Pica Do 7,fado
também',1,Pica Do 7,fado
dá'],1,Pica Do 7,fado
['sé,1,Remitente (Versión Benidorm Fest),flamenco-bulerias
hizo,6,Remitente (Versión Benidorm Fest),flamenco-bulerias
tarde,6,Remitente (Versión Benidorm Fest),flamenco-bulerias
arenasé,3,Remitente (Versión Benidorm Fest),flamenco-bulerias
ahora,6,Remitente (Versión Benidorm Fest),flamenco-bulerias
cadenaEn,3,Remitente (Versión Benidorm Fest),flamenco-bulerias
suspiro,3,Remitente (Versión Benidorm Fest),flamenco-bulerias
cavernaY,3,Remitente (Versión Benidorm Fest),flamenco-bulerias
todos,3,Remitente (Versión Benidorm Fest),flamenco-bulerias
para,5,Remitente (Versión Benidorm Fest),flamenco-bulerias
dentro,3,Remitente (Versión Benidorm Fest),flamenco-bulerias
aunque,3,Remitente (Versión Benidorm Fest),flamenco-bulerias
duela',3,Remitente (Versión Benidorm Fest),flamenco-bulerias
'Soy,3,Remitente (Versión Benidorm Fest),flamenco-bulerias
reflejo,3,Remitente (Versión Benidorm Fest),flamenco-bulerias
sirenaEl,3,Remitente (Versión Benidorm Fest),flamenco-bulerias
brazo,3,Remitente (Versión Benidorm Fest),flamenco-bulerias
alzado,3,Remitente (Versión Benidorm Fest),flamenco-bulerias
abuelasDos,3,Remitente (Versión Benidorm Fest),flamenco-bulerias
perras,3,Remitente (Versión Benidorm Fest),flamenco-bulerias
chicas,3,Remitente (Versión Benidorm Fest),flamenco-bulerias
carteraRación,3,Remitente (Versión Benidorm Fest),flamenco-bulerias
leche,3,Remitente (Versión Benidorm Fest),flamenco-bulerias
ración,3,Remitente (Versión Benidorm Fest),flamenco-bulerias
pena',1,Remitente (Versión Benidorm Fest),flamenco-bulerias
'Perdona,1,Remitente (Versión Benidorm Fest),flamenco-bulerias
esta,1,Remitente (Versión Benidorm Fest),flamenco-bulerias
carta,1,Remitente (Versión Benidorm Fest),flamenco-bulerias
doySin,1,Remitente (Versión Benidorm Fest),flamenco-bulerias
yoPero,1,Remitente (Versión Benidorm Fest),flamenco-bulerias
tienes,1,Remitente (Versión Benidorm Fest),flamenco-bulerias
lista,1,Remitente (Versión Benidorm Fest),flamenco-bulerias
antes,1,Remitente (Versión Benidorm Fest),flamenco-bulerias
marcharCon,1,Remitente (Versión Benidorm Fest),flamenco-bulerias
vivimosY,1,Remitente (Versión Benidorm Fest),flamenco-bulerias
muérdele,2,Remitente (Versión Benidorm Fest),flamenco-bulerias
muérdele',1,Remitente (Versión Benidorm Fest),flamenco-bulerias
puede,1,Remitente (Versión Benidorm Fest),flamenco-bulerias
apagarBorrando,1,Remitente (Versión Benidorm Fest),flamenco-bulerias
olvidandoPisando,1,Remitente (Versión Benidorm Fest),flamenco-bulerias
susurrandoLas,1,Remitente (Versión Benidorm Fest),flamenco-bulerias
horas,1,Remitente (Versión Benidorm Fest),flamenco-bulerias
contadas',1,Remitente (Versión Benidorm Fest),flamenco-bulerias
velo,1,Remitente (Versión Benidorm Fest),flamenco-bulerias
negro,2,Remitente (Versión Benidorm Fest),flamenco-bulerias
corrillo,1,Remitente (Versión Benidorm Fest),flamenco-bulerias
mujeresCoge,1,Remitente (Versión Benidorm Fest),flamenco-bulerias
juguete,1,Remitente (Versión Benidorm Fest),flamenco-bulerias
diestraNo,1,Remitente (Versión Benidorm Fest),flamenco-bulerias
rechistes,1,Remitente (Versión Benidorm Fest),flamenco-bulerias
padre,1,Remitente (Versión Benidorm Fest),flamenco-bulerias
entereAy,1,Remitente (Versión Benidorm Fest),flamenco-bulerias
sobró,1,Remitente (Versión Benidorm Fest),flamenco-bulerias
valorY,1,Remitente (Versión Benidorm Fest),flamenco-bulerias
mucho,1,Remitente (Versión Benidorm Fest),flamenco-bulerias
corazónPa,1,Remitente (Versión Benidorm Fest),flamenco-bulerias
pasos,1,Remitente (Versión Benidorm Fest),flamenco-bulerias
frente,1,Remitente (Versión Benidorm Fest),flamenco-bulerias
poder,1,Remitente (Versión Benidorm Fest),flamenco-bulerias
volarQuien',1,Remitente (Versión Benidorm Fest),flamenco-bulerias
'Voló,2,Remitente (Versión Benidorm Fest),flamenco-bulerias
contigo,2,Remitente (Versión Benidorm Fest),flamenco-bulerias
allá,2,Remitente (Versión Benidorm Fest),flamenco-bulerias
prohibidoTendió,2,Remitente (Versión Benidorm Fest),flamenco-bulerias
mano,2,Remitente (Versión Benidorm Fest),flamenco-bulerias
fuerza,2,Remitente (Versión Benidorm Fest),flamenco-bulerias
darteLo,2,Remitente (Versión Benidorm Fest),flamenco-bulerias
suerte,2,Remitente (Versión Benidorm Fest),flamenco-bulerias
nadie,2,Remitente (Versión Benidorm Fest),flamenco-bulerias
regalaráY,2,Remitente (Versión Benidorm Fest),flamenco-bulerias
dejas,2,Remitente (Versión Benidorm Fest),flamenco-bulerias
solaQuien',2,Remitente (Versión Benidorm Fest),flamenco-bulerias
vozY,2,Remitente (Versión Benidorm Fest),flamenco-bulerias
robanNo,2,Remitente (Versión Benidorm Fest),flamenco-bulerias
sueltes,2,Remitente (Versión Benidorm Fest),flamenco-bulerias
amor,2,Remitente (Versión Benidorm Fest),flamenco-bulerias
míoQue,2,Remitente (Versión Benidorm Fest),flamenco-bulerias
quedas,2,Remitente (Versión Benidorm Fest),flamenco-bulerias
razónQue,2,Remitente (Versión Benidorm Fest),flamenco-bulerias
apagas,2,Remitente (Versión Benidorm Fest),flamenco-bulerias
vozLa,2,Remitente (Versión Benidorm Fest),flamenco-bulerias
ahoga',2,Remitente (Versión Benidorm Fest),flamenco-bulerias
penaAy',1,Remitente (Versión Benidorm Fest),flamenco-bulerias
'Fue,1,Remitente (Versión Benidorm Fest),flamenco-bulerias
blanco,1,Remitente (Versión Benidorm Fest),flamenco-bulerias
desespero,1,Remitente (Versión Benidorm Fest),flamenco-bulerias
entre,1,Remitente (Versión Benidorm Fest),flamenco-bulerias
trenesLas,1,Remitente (Versión Benidorm Fest),flamenco-bulerias
trece,1,Remitente (Versión Benidorm Fest),flamenco-bulerias
rosas,1,Remitente (Versión Benidorm Fest),flamenco-bulerias
babi,1,Remitente (Versión Benidorm Fest),flamenco-bulerias
azul,1,Remitente (Versión Benidorm Fest),flamenco-bulerias
cola,1,Remitente (Versión Benidorm Fest),flamenco-bulerias
panLas,1,Remitente (Versión Benidorm Fest),flamenco-bulerias
desbandás,1,Remitente (Versión Benidorm Fest),flamenco-bulerias
nunca,1,Remitente (Versión Benidorm Fest),flamenco-bulerias
vuelvenAy,1,Remitente (Versión Benidorm Fest),flamenco-bulerias
amor',1,Remitente (Versión Benidorm Fest),flamenco-bulerias
'Mira,1,Remitente (Versión Benidorm Fest),flamenco-bulerias
grande,1,Remitente (Versión Benidorm Fest),flamenco-bulerias
quedóEl,1,Remitente (Versión Benidorm Fest),flamenco-bulerias
respeto,1,Remitente (Versión Benidorm Fest),flamenco-bulerias
clavelesRemiendo,1,Remitente (Versión Benidorm Fest),flamenco-bulerias
alfileresTe,1,Remitente (Versión Benidorm Fest),flamenco-bulerias
digo,1,Remitente (Versión Benidorm Fest),flamenco-bulerias
remitenteSe,1,Remitente (Versión Benidorm Fest),flamenco-bulerias
llamaba,1,Remitente (Versión Benidorm Fest),flamenco-bulerias
libertadQuien',1,Remitente (Versión Benidorm Fest),flamenco-bulerias
penaMaría,1,Remitente (Versión Benidorm Fest),flamenco-bulerias
carnes',1,Remitente (Versión Benidorm Fest),flamenco-bulerias
eres,4,Remitente (Versión Benidorm Fest),flamenco-bulerias
galloA,2,Remitente (Versión Benidorm Fest),flamenco-bulerias
grandeA,1,Remitente (Versión Benidorm Fest),flamenco-bulerias
grande'],1,Remitente (Versión Benidorm Fest),flamenco-bulerias
Perera,3,Dingo Bell,funk
original',2,Dingo Bell,funk
'Dingo,8,Dingo Bell,funk
bell,16,Dingo Bell,funk
dingo,24,Dingo Bell,funk
bellMe,4,Dingo Bell,funk
apresento,4,Dingo Bell,funk
Teteu,8,Dingo Bell,funk
Papai,4,Dingo Bell,funk
NoelSeu,4,Dingo Bell,funk
presente,8,Dingo Bell,funk
beijoca,8,Dingo Bell,funk
caiu,8,Dingo Bell,funk
céu50%,4,Dingo Bell,funk
açúcar,8,Dingo Bell,funk
mel',4,Dingo Bell,funk
bellPassou,4,Dingo Bell,funk
noite,4,Dingo Bell,funk
comigo,4,Dingo Bell,funk
cruel50%,4,Dingo Bell,funk
melSeu,4,Dingo Bell,funk
céu',4,Dingo Bell,funk
original'],1,Dingo Bell,funk
"[""Oh",1,Virtual Insanity,funk-internacional
yeah,3,Virtual Insanity,funk-internacional
what,5,Virtual Insanity,funk-internacional
we're,4,Virtual Insanity,funk-internacional
living,3,Virtual Insanity,funk-internacional
tell,2,Virtual Insanity,funk-internacional
"""It's",1,Virtual Insanity,funk-internacional
wonder,1,Virtual Insanity,funk-internacional
allWhen,1,Virtual Insanity,funk-internacional
things,2,Virtual Insanity,funk-internacional
that,4,Virtual Insanity,funk-internacional
should,1,Virtual Insanity,funk-internacional
smallWho,1,Virtual Insanity,funk-internacional
magic,1,Virtual Insanity,funk-internacional
spellsWe'll,1,Virtual Insanity,funk-internacional
doing,1,Virtual Insanity,funk-internacional
"""And",5,Virtual Insanity,funk-internacional
giving,1,Virtual Insanity,funk-internacional
love,4,Virtual Insanity,funk-internacional
this,5,Virtual Insanity,funk-internacional
worldOnly,1,Virtual Insanity,funk-internacional
toldI,1,Virtual Insanity,funk-internacional
can't,3,Virtual Insanity,funk-internacional
breathe,1,Virtual Insanity,funk-internacional
more,1,Virtual Insanity,funk-internacional
will,1,Virtual Insanity,funk-internacional
nothing's,1,Virtual Insanity,funk-internacional
going,1,Virtual Insanity,funk-internacional
change,1,Virtual Insanity,funk-internacional
live'Cause,1,Virtual Insanity,funk-internacional
always,1,Virtual Insanity,funk-internacional
take,1,Virtual Insanity,funk-internacional
never,1,Virtual Insanity,funk-internacional
giveAnd,1,Virtual Insanity,funk-internacional
changing,1,Virtual Insanity,funk-internacional
worse,3,Virtual Insanity,funk-internacional
"See""",1,Virtual Insanity,funk-internacional
"""Whoa",1,Virtual Insanity,funk-internacional
crazy,1,Virtual Insanity,funk-internacional
world,1,Virtual Insanity,funk-internacional
inAnd,1,Virtual Insanity,funk-internacional
just,1,Virtual Insanity,funk-internacional
half,1,Virtual Insanity,funk-internacional
usImmersed,1,Virtual Insanity,funk-internacional
have,2,Virtual Insanity,funk-internacional
give,1,Virtual Insanity,funk-internacional
"these""",1,Virtual Insanity,funk-internacional
'Futures,3,Virtual Insanity,funk-internacional
made,3,Virtual Insanity,funk-internacional
virtual,5,Virtual Insanity,funk-internacional
insanity,4,Virtual Insanity,funk-internacional
nowAlways,3,Virtual Insanity,funk-internacional
seem,3,Virtual Insanity,funk-internacional
governed,3,Virtual Insanity,funk-internacional
haveFor,3,Virtual Insanity,funk-internacional
useless,3,Virtual Insanity,funk-internacional
twisting,3,Virtual Insanity,funk-internacional
other,3,Virtual Insanity,funk-internacional
technologyOh,3,Virtual Insanity,funk-internacional
there,4,Virtual Insanity,funk-internacional
sound,3,Virtual Insanity,funk-internacional
live,5,Virtual Insanity,funk-internacional
underground',2,Virtual Insanity,funk-internacional
thinking,1,Virtual Insanity,funk-internacional
mess,1,Virtual Insanity,funk-internacional
inHard,1,Virtual Insanity,funk-internacional
know,2,Virtual Insanity,funk-internacional
where,1,Virtual Insanity,funk-internacional
beginIf,1,Virtual Insanity,funk-internacional
could,1,Virtual Insanity,funk-internacional
slip,1,Virtual Insanity,funk-internacional
sickly,1,Virtual Insanity,funk-internacional
tiesThat,1,Virtual Insanity,funk-internacional
earthly,1,Virtual Insanity,funk-internacional
"made""",1,Virtual Insanity,funk-internacional
every,1,Virtual Insanity,funk-internacional
motherCan,1,Virtual Insanity,funk-internacional
choose,1,Virtual Insanity,funk-internacional
colour,1,Virtual Insanity,funk-internacional
childThat's,1,Virtual Insanity,funk-internacional
nature's,1,Virtual Insanity,funk-internacional
"way""",1,Virtual Insanity,funk-internacional
"""Well",1,Virtual Insanity,funk-internacional
that's,1,Virtual Insanity,funk-internacional
they,1,Virtual Insanity,funk-internacional
said,1,Virtual Insanity,funk-internacional
yesterdayThere's,1,Virtual Insanity,funk-internacional
nothing,4,Virtual Insanity,funk-internacional
left,1,Virtual Insanity,funk-internacional
prayI,1,Virtual Insanity,funk-internacional
think,1,Virtual Insanity,funk-internacional
it's,2,Virtual Insanity,funk-internacional
time,1,Virtual Insanity,funk-internacional
find,1,Virtual Insanity,funk-internacional
"religion""",1,Virtual Insanity,funk-internacional
"""Waoh",1,Virtual Insanity,funk-internacional
It's,2,Virtual Insanity,funk-internacional
insaneTo,1,Virtual Insanity,funk-internacional
synthesize,1,Virtual Insanity,funk-internacional
another,1,Virtual Insanity,funk-internacional
strainThere's,1,Virtual Insanity,funk-internacional
something,1,Virtual Insanity,funk-internacional
these,1,Virtual Insanity,funk-internacional
futuresThat,1,Virtual Insanity,funk-internacional
"told""",1,Virtual Insanity,funk-internacional
underground,1,Virtual Insanity,funk-internacional
Whoa,1,Virtual Insanity,funk-internacional
"""Now",1,Virtual Insanity,funk-internacional
soundIf,1,Virtual Insanity,funk-internacional
undergroundAnd,1,Virtual Insanity,funk-internacional
insanityForget,1,Virtual Insanity,funk-internacional
your,1,Virtual Insanity,funk-internacional
realityOh,1,Virtual Insanity,funk-internacional
there's,2,Virtual Insanity,funk-internacional
badAs,1,Virtual Insanity,funk-internacional
man-made,1,Virtual Insanity,funk-internacional
manOh,1,Virtual Insanity,funk-internacional
life,1,Virtual Insanity,funk-internacional
inIs,1,Virtual Insanity,funk-internacional
gone,1,Virtual Insanity,funk-internacional
wrong,1,Virtual Insanity,funk-internacional
yeahGone,1,Virtual Insanity,funk-internacional
window,1,Virtual Insanity,funk-internacional
knowThere,1,Virtual Insanity,funk-internacional
thanA,2,Virtual Insanity,funk-internacional
manmade,1,Virtual Insanity,funk-internacional
manYes,1,Virtual Insanity,funk-internacional
foolish,1,Virtual Insanity,funk-internacional
"hey""",1,Virtual Insanity,funk-internacional
"""Virtual",1,Virtual Insanity,funk-internacional
inYeah,1,Virtual Insanity,funk-internacional
Well,1,Virtual Insanity,funk-internacional
alright,1,Virtual Insanity,funk-internacional
"now""]",1,Virtual Insanity,funk-internacional
['Te,1,Bondade de Deus,gospelreligioso
DeusTua,1,Bondade de Deus,gospelreligioso
graça,1,Bondade de Deus,gospelreligioso
nunca,1,Bondade de Deus,gospelreligioso
falhaTodos,1,Bondade de Deus,gospelreligioso
diasEu,1,Bondade de Deus,gospelreligioso
estou,1,Bondade de Deus,gospelreligioso
Tuas,1,Bondade de Deus,gospelreligioso
mãos',1,Bondade de Deus,gospelreligioso
'Desde,1,Bondade de Deus,gospelreligioso
quando,1,Bondade de Deus,gospelreligioso
levantoAté,1,Bondade de Deus,gospelreligioso
deitarEu,1,Bondade de Deus,gospelreligioso
cantarei,8,Bondade de Deus,gospelreligioso
bondade,16,Bondade de Deus,gospelreligioso
Deus',8,Bondade de Deus,gospelreligioso
fiel,12,Bondade de Deus,gospelreligioso
todo,22,Bondade de Deus,gospelreligioso
tempoEm,7,Bondade de Deus,gospelreligioso
tempo,7,Bondade de Deus,gospelreligioso
bomCom,7,Bondade de Deus,gospelreligioso
fôlego,7,Bondade de Deus,gospelreligioso
tenhoEu,7,Bondade de Deus,gospelreligioso
'Tua,3,Bondade de Deus,gospelreligioso
doce,1,Bondade de Deus,gospelreligioso
vozQue,1,Bondade de Deus,gospelreligioso
guia,1,Bondade de Deus,gospelreligioso
meio,1,Bondade de Deus,gospelreligioso
fogoNa,1,Bondade de Deus,gospelreligioso
escuridãoTua,1,Bondade de Deus,gospelreligioso
presença,1,Bondade de Deus,gospelreligioso
conforta',1,Bondade de Deus,gospelreligioso
'Sei,1,Bondade de Deus,gospelreligioso
PaiQue,1,Bondade de Deus,gospelreligioso
amigo,1,Bondade de Deus,gospelreligioso
ésEu,1,Bondade de Deus,gospelreligioso
vivo,1,Bondade de Deus,gospelreligioso
Jesus,1,Bondade de Deus,gospelreligioso
Senhor,1,Bondade de Deus,gospelreligioso
seguirá,7,Bondade de Deus,gospelreligioso
todos,1,Bondade de Deus,gospelreligioso
dias,1,Bondade de Deus,gospelreligioso
nossas,1,Bondade de Deus,gospelreligioso
vidas,1,Bondade de Deus,gospelreligioso
seguiráMe,6,Bondade de Deus,gospelreligioso
SenhorTua,2,Bondade de Deus,gospelreligioso
Senhor',4,Bondade de Deus,gospelreligioso
rendo,2,Bondade de Deus,gospelreligioso
serEntrego,2,Bondade de Deus,gospelreligioso
tudo,2,Bondade de Deus,gospelreligioso
TiTua,2,Bondade de Deus,gospelreligioso
Deus,1,Bondade de Deus,gospelreligioso
Então,2,Bondade de Deus,gospelreligioso
cante,2,Bondade de Deus,gospelreligioso
tenho,1,Bondade de Deus,gospelreligioso
isso,1,Bondade de Deus,gospelreligioso
coração,1,Bondade de Deus,gospelreligioso
Deus'],1,Bondade de Deus,gospelreligioso
['Come,1,Come As You Are,grunge
wereAs,1,Come As You Are,grunge
want,2,Come As You Are,grunge
beAs,2,Come As You Are,grunge
friend,1,Come As You Are,grunge
friendAs,3,Come As You Are,grunge
enemy',1,Come As You Are,grunge
"""Take",1,Come As You Are,grunge
your,1,Come As You Are,grunge
time,1,Come As You Are,grunge
hurry,1,Come As You Are,grunge
upChoice,1,Come As You Are,grunge
yours,1,Come As You Are,grunge
don't,10,Come As You Are,grunge
lateTake,1,Come As You Are,grunge
rest,1,Come As You Are,grunge
memory,2,Come As You Are,grunge
"yeah""",1,Come As You Are,grunge
'Memory,3,Come As You Are,grunge
yeahMemory,7,Come As You Are,grunge
yeah',3,Come As You Are,grunge
'Come,1,Come As You Are,grunge
doused,1,Come As You Are,grunge
soaked,1,Come As You Are,grunge
bleachAs,1,Come As You Are,grunge
trend,1,Come As You Are,grunge
"""And",2,Come As You Are,grunge
swear,2,Come As You Are,grunge
that,2,Come As You Are,grunge
have,9,Come As You Are,grunge
gunNo,6,Come As You Are,grunge
"gun""",2,Come As You Are,grunge
"""Memory",1,Come As You Are,grunge
yeah,1,Come As You Are,grunge
yeah'],1,Come As You Are,grunge
['Era,1,Milagre da Flecha,guarania
alta,1,Milagre da Flecha,guarania
madrugadaJá,1,Milagre da Flecha,guarania
cansado,1,Milagre da Flecha,guarania
jornadaEu,1,Milagre da Flecha,guarania
voltava,1,Milagre da Flecha,guarania
lar',1,Milagre da Flecha,guarania
'Quando,1,Milagre da Flecha,guarania
apareceu,1,Milagre da Flecha,guarania
escuroMe,1,Milagre da Flecha,guarania
encostando,1,Milagre da Flecha,guarania
contra,1,Milagre da Flecha,guarania
muroUm,1,Milagre da Flecha,guarania
ladrão,1,Milagre da Flecha,guarania
assaltar',1,Milagre da Flecha,guarania
'Com,1,Milagre da Flecha,guarania
revólver,1,Milagre da Flecha,guarania
pescoçoAinda,1,Milagre da Flecha,guarania
expliquei,1,Milagre da Flecha,guarania
moçoTenho,1,Milagre da Flecha,guarania
filho,1,Milagre da Flecha,guarania
criar',1,Milagre da Flecha,guarania
'Sou,1,Milagre da Flecha,guarania
arrimo,1,Milagre da Flecha,guarania
famíliaLeva,1,Milagre da Flecha,guarania
tudo,1,Milagre da Flecha,guarania
humilhaMas,1,Milagre da Flecha,guarania
queira,1,Milagre da Flecha,guarania
matar',1,Milagre da Flecha,guarania
'Ave,4,Milagre da Flecha,guarania
Maria,4,Milagre da Flecha,guarania
AleluiaAve,4,Milagre da Flecha,guarania
Maria',3,Milagre da Flecha,guarania
'Mas,1,Milagre da Flecha,guarania
homem,1,Milagre da Flecha,guarania
piedadeUm,1,Milagre da Flecha,guarania
escravo,1,Milagre da Flecha,guarania
maldadeComeçou,1,Milagre da Flecha,guarania
maltratar',1,Milagre da Flecha,guarania
'Pra,1,Milagre da Flecha,guarania
tinha,2,Milagre da Flecha,guarania
medoAntes,1,Milagre da Flecha,guarania
puxar,1,Milagre da Flecha,guarania
dedoEle,1,Milagre da Flecha,guarania
mandou,1,Milagre da Flecha,guarania
rezar',1,Milagre da Flecha,guarania
nunca,1,Milagre da Flecha,guarania
rezadoEu,1,Milagre da Flecha,guarania
pecadoImplorei,1,Milagre da Flecha,guarania
salvação',1,Milagre da Flecha,guarania
'Elevei,1,Milagre da Flecha,guarania
pensamentoE,1,Milagre da Flecha,guarania
descobri,1,Milagre da Flecha,guarania
neste,1,Milagre da Flecha,guarania
momentoO,1,Milagre da Flecha,guarania
religião',1,Milagre da Flecha,guarania
clarão,1,Milagre da Flecha,guarania
apareceuMinha,1,Milagre da Flecha,guarania
vista,1,Milagre da Flecha,guarania
escureceuE,1,Milagre da Flecha,guarania
bandido,1,Milagre da Flecha,guarania
desmaiou',1,Milagre da Flecha,guarania
morreu,1,Milagre da Flecha,guarania
teve,1,Milagre da Flecha,guarania
jeitoCom,1,Milagre da Flecha,guarania
flecha,2,Milagre da Flecha,guarania
peitoSem,1,Milagre da Flecha,guarania
saber,1,Milagre da Flecha,guarania
quem,1,Milagre da Flecha,guarania
atirou',1,Milagre da Flecha,guarania
'Nesta,1,Milagre da Flecha,guarania
hora,1,Milagre da Flecha,guarania
gente,1,Milagre da Flecha,guarania
gritaBerra,1,Milagre da Flecha,guarania
chora,1,Milagre da Flecha,guarania
acreditaQue,1,Milagre da Flecha,guarania
milagre,1,Milagre da Flecha,guarania
aconteceu',1,Milagre da Flecha,guarania
joelho,1,Milagre da Flecha,guarania
calçadaPerguntei,1,Milagre da Flecha,guarania
cansadaQuem,1,Milagre da Flecha,guarania
será,1,Milagre da Flecha,guarania
atendeu?',1,Milagre da Flecha,guarania
estava,1,Milagre da Flecha,guarania
amanhecendoA,1,Milagre da Flecha,guarania
alegria,1,Milagre da Flecha,guarania
aquecendoQuando,1,Milagre da Flecha,guarania
entrei,1,Milagre da Flecha,guarania
catedral',1,Milagre da Flecha,guarania
'Cada,1,Milagre da Flecha,guarania
santo,2,Milagre da Flecha,guarania
viaEu,1,Milagre da Flecha,guarania
novo,1,Milagre da Flecha,guarania
agradeciaE,1,Milagre da Flecha,guarania
jurava,1,Milagre da Flecha,guarania
leal',1,Milagre da Flecha,guarania
'Veja,1,Milagre da Flecha,guarania
passagemNão,1,Milagre da Flecha,guarania
toque,1,Milagre da Flecha,guarania
nessa,1,Milagre da Flecha,guarania
imagemMe,1,Milagre da Flecha,guarania
avisou,1,Milagre da Flecha,guarania
sacristão',1,Milagre da Flecha,guarania
'Pois,1,Milagre da Flecha,guarania
ninguém,1,Milagre da Flecha,guarania
explicavaUma,1,Milagre da Flecha,guarania
faltavaNa,1,Milagre da Flecha,guarania
imagem,1,Milagre da Flecha,guarania
Sebastião',1,Milagre da Flecha,guarania
Maria'],1,Milagre da Flecha,guarania
"[""Now",1,Going Under,gotico
will,1,Going Under,gotico
tell,1,Going Under,gotico
what,1,Going Under,gotico
I've,6,Going Under,gotico
done,1,Going Under,gotico
youFifty,1,Going Under,gotico
thousand,1,Going Under,gotico
tears,1,Going Under,gotico
criedScreaming,1,Going Under,gotico
deceiving,1,Going Under,gotico
bleeding,1,Going Under,gotico
youAnd,1,Going Under,gotico
still,1,Going Under,gotico
won't,2,Going Under,gotico
hear,1,Going Under,gotico
going,12,Going Under,gotico
under,10,Going Under,gotico
"""Don't",1,Going Under,gotico
want,1,Going Under,gotico
your,1,Going Under,gotico
hand,1,Going Under,gotico
this,1,Going Under,gotico
time,1,Going Under,gotico
I'll,2,Going Under,gotico
save,1,Going Under,gotico
myselfMaybe,1,Going Under,gotico
wake,2,Going Under,gotico
once,2,Going Under,gotico
tormented,1,Going Under,gotico
daily,1,Going Under,gotico
defeated,1,Going Under,gotico
youJust,1,Going Under,gotico
when,1,Going Under,gotico
thought,1,Going Under,gotico
reached,1,Going Under,gotico
"bottom""",1,Going Under,gotico
"""I'm",6,Going Under,gotico
dying,3,Going Under,gotico
"again""",3,Going Under,gotico
Drowning,3,Going Under,gotico
drowning,4,Going Under,gotico
falling,6,Going Under,gotico
forever,6,Going Under,gotico
break,3,Going Under,gotico
throughI'm,2,Going Under,gotico
"under""",2,Going Under,gotico
"""Blurring",1,Going Under,gotico
stirring,1,Going Under,gotico
truth,1,Going Under,gotico
lies,1,Going Under,gotico
don't,3,Going Under,gotico
know,3,Going Under,gotico
what's,5,Going Under,gotico
real,3,Going Under,gotico
Always,1,Going Under,gotico
confusing,1,Going Under,gotico
thoughts,1,Going Under,gotico
head,1,Going Under,gotico
can't,2,Going Under,gotico
trust,1,Going Under,gotico
myself,1,Going Under,gotico
"anymore""",1,Going Under,gotico
through,1,Going Under,gotico
"I'm""",1,Going Under,gotico
scream,2,Going Under,gotico
meI'm,1,Going Under,gotico
away,2,Going Under,gotico
broken,1,Going Under,gotico
again,2,Going Under,gotico
breatheI,1,Going Under,gotico
keep,1,Going Under,gotico
"""Going",1,Going Under,gotico
"under""]",1,Going Under,gotico
"[""Saying:",1,More Than Words,hard-rock
love,7,More Than Words,hard-rock
youIs,1,More Than Words,hard-rock
words,5,More Than Words,hard-rock
want,2,More Than Words,hard-rock
hear,1,More Than Words,hard-rock
from,1,More Than Words,hard-rock
youIt's,1,More Than Words,hard-rock
that,2,More Than Words,hard-rock
youNot,1,More Than Words,hard-rock
only,1,More Than Words,hard-rock
knewHow,1,More Than Words,hard-rock
easy,1,More Than Words,hard-rock
would,5,More Than Words,hard-rock
show,3,More Than Words,hard-rock
"feel""",1,More Than Words,hard-rock
"""More",2,More Than Words,hard-rock
than,5,More Than Words,hard-rock
wordsIs,2,More Than Words,hard-rock
have,4,More Than Words,hard-rock
make,4,More Than Words,hard-rock
realThen,1,More Than Words,hard-rock
wouldn't,2,More Than Words,hard-rock
sayThat,2,More Than Words,hard-rock
me'Cause,2,More Than Words,hard-rock
already,2,More Than Words,hard-rock
"know""",2,More Than Words,hard-rock
"""What",2,More Than Words,hard-rock
heart,2,More Than Words,hard-rock
torn,2,More Than Words,hard-rock
two?More,2,More Than Words,hard-rock
feelThat,2,More Than Words,hard-rock
your,4,More Than Words,hard-rock
realWhat,2,More Than Words,hard-rock
took,2,More Than Words,hard-rock
those,2,More Than Words,hard-rock
away?Then,2,More Than Words,hard-rock
couldn't,2,More Than Words,hard-rock
things,2,More Than Words,hard-rock
newJust,2,More Than Words,hard-rock
saying:,2,More Than Words,hard-rock
"you""",1,More Than Words,hard-rock
'More,1,More Than Words,hard-rock
words',1,More Than Words,hard-rock
"""Now",1,More Than Words,hard-rock
I've,1,More Than Words,hard-rock
tried,1,More Than Words,hard-rock
talk,1,More Than Words,hard-rock
understandAll,1,More Than Words,hard-rock
close,2,More Than Words,hard-rock
eyesAnd,1,More Than Words,hard-rock
just,1,More Than Words,hard-rock
reach,1,More Than Words,hard-rock
hands,1,More Than Words,hard-rock
touch,1,More Than Words,hard-rock
meHold,1,More Than Words,hard-rock
don't,1,More Than Words,hard-rock
ever,2,More Than Words,hard-rock
needed,1,More Than Words,hard-rock
showThen,1,More Than Words,hard-rock
"you""]",1,More Than Words,hard-rock
['Never,1,So Far Away,hardcore
feared,1,So Far Away,hardcore
anythingNever,1,So Far Away,hardcore
shamed,1,So Far Away,hardcore
never,1,So Far Away,hardcore
freeA,1,So Far Away,hardcore
life,2,So Far Away,hardcore
that,4,So Far Away,hardcore
healed,1,So Far Away,hardcore
broken,2,So Far Away,hardcore
heart,2,So Far Away,hardcore
with,3,So Far Away,hardcore
couldLived,1,So Far Away,hardcore
endlesslySaw,1,So Far Away,hardcore
beyond,1,So Far Away,hardcore
what,2,So Far Away,hardcore
others,1,So Far Away,hardcore
seeI,1,So Far Away,hardcore
tried,1,So Far Away,hardcore
heal,1,So Far Away,hardcore
your,2,So Far Away,hardcore
could',1,So Far Away,hardcore
'Will,1,So Far Away,hardcore
stay?Will,1,So Far Away,hardcore
stay,2,So Far Away,hardcore
away,6,So Far Away,hardcore
forever?',1,So Far Away,hardcore
"""How",3,So Far Away,hardcore
live,4,So Far Away,hardcore
without,3,So Far Away,hardcore
ones,4,So Far Away,hardcore
love?Time,3,So Far Away,hardcore
still,3,So Far Away,hardcore
turns,3,So Far Away,hardcore
pages,3,So Far Away,hardcore
book,3,So Far Away,hardcore
it's,4,So Far Away,hardcore
burnedPlace,3,So Far Away,hardcore
time,3,So Far Away,hardcore
always,3,So Far Away,hardcore
mindI,2,So Far Away,hardcore
have,3,So Far Away,hardcore
much,3,So Far Away,hardcore
you're,3,So Far Away,hardcore
"away""",3,So Far Away,hardcore
"""Plans",1,So Far Away,hardcore
futures,1,So Far Away,hardcore
holdFoolish,1,So Far Away,hardcore
lies,1,So Far Away,hardcore
growing,1,So Far Away,hardcore
oldIt,1,So Far Away,hardcore
seems,1,So Far Away,hardcore
we're,1,So Far Away,hardcore
invincible,1,So Far Away,hardcore
truth,1,So Far Away,hardcore
coldA,1,So Far Away,hardcore
final,1,So Far Away,hardcore
song,1,So Far Away,hardcore
last,1,So Far Away,hardcore
requestA,1,So Far Away,hardcore
perfect,1,So Far Away,hardcore
chapter,1,So Far Away,hardcore
laid,1,So Far Away,hardcore
restNow,1,So Far Away,hardcore
then,1,So Far Away,hardcore
find,1,So Far Away,hardcore
place,2,So Far Away,hardcore
"mind""",1,So Far Away,hardcore
'Where,1,So Far Away,hardcore
stayYou,1,So Far Away,hardcore
awake,1,So Far Away,hardcore
forever',1,So Far Away,hardcore
"""Sleep",1,So Far Away,hardcore
tight,1,So Far Away,hardcore
afraidThe,1,So Far Away,hardcore
love,2,So Far Away,hardcore
here,1,So Far Away,hardcore
meLay,1,So Far Away,hardcore
me'Cause,1,So Far Away,hardcore
soon,1,So Far Away,hardcore
done,1,So Far Away,hardcore
I'll,2,So Far Away,hardcore
wayTo,1,So Far Away,hardcore
"eternally""",1,So Far Away,hardcore
mindAnd,1,So Far Away,hardcore
light,1,So Far Away,hardcore
left,1,So Far Away,hardcore
remains,1,So Far Away,hardcore
hard,1,So Far Away,hardcore
stayWhen,1,So Far Away,hardcore
were,1,So Far Away,hardcore
readyThe,1,So Far Away,hardcore
pain,2,So Far Away,hardcore
strong,1,So Far Away,hardcore
urges,1,So Far Away,hardcore
riseBut,1,So Far Away,hardcore
when,1,So Far Away,hardcore
lets,1,So Far Away,hardcore
meYour,1,So Far Away,hardcore
gone,1,So Far Away,hardcore
hands,1,So Far Away,hardcore
"untied""",1,So Far Away,hardcore
need,3,So Far Away,hardcore
knowSo,1,So Far Away,hardcore
know'],1,So Far Away,hardcore
['Conversion,1,Toxicity,heavy-metal
software,1,Toxicity,heavy-metal
version,1,Toxicity,heavy-metal
0Looking,1,Toxicity,heavy-metal
life,3,Toxicity,heavy-metal
through,1,Toxicity,heavy-metal
eyes,1,Toxicity,heavy-metal
tire,1,Toxicity,heavy-metal
hubEating,1,Toxicity,heavy-metal
seeds,2,Toxicity,heavy-metal
pastime,2,Toxicity,heavy-metal
activityThe,2,Toxicity,heavy-metal
toxicity,2,Toxicity,heavy-metal
city,2,Toxicity,heavy-metal
city',2,Toxicity,heavy-metal
'You,3,Toxicity,heavy-metal
what,3,Toxicity,heavy-metal
world?How,3,Toxicity,heavy-metal
disorder,5,Toxicity,heavy-metal
disorder?Now,3,Toxicity,heavy-metal
somewhere,3,Toxicity,heavy-metal
between,3,Toxicity,heavy-metal
sacred,6,Toxicity,heavy-metal
silenceSacred,3,Toxicity,heavy-metal
silence,6,Toxicity,heavy-metal
sleepSomewhereBetween,3,Toxicity,heavy-metal
sleepDisorder,3,Toxicity,heavy-metal
disorder',3,Toxicity,heavy-metal
'More,1,Toxicity,heavy-metal
wood,1,Toxicity,heavy-metal
their,1,Toxicity,heavy-metal
fires,1,Toxicity,heavy-metal
loud,1,Toxicity,heavy-metal
neighborsFlashlight,1,Toxicity,heavy-metal
reveries,1,Toxicity,heavy-metal
caught,1,Toxicity,heavy-metal
headlights,1,Toxicity,heavy-metal
truckEating,1,Toxicity,heavy-metal
"""When",1,Toxicity,heavy-metal
became,2,Toxicity,heavy-metal
SunI,2,Toxicity,heavy-metal
shone,2,Toxicity,heavy-metal
into,2,Toxicity,heavy-metal
man's,2,Toxicity,heavy-metal
heartsWhen,1,Toxicity,heavy-metal
"hearts""]",1,Toxicity,heavy-metal
Menor,1,Foto da Unha (part. Veigh),hip-hop-rap
papo,1,Foto da Unha (part. Veigh),hip-hop-rap
reto,1,Foto da Unha (part. Veigh),hip-hop-rap
memo,1,Foto da Unha (part. Veigh),hip-hop-rap
foto,10,Foto da Unha (part. Veigh),hip-hop-rap
unha,7,Foto da Unha (part. Veigh),hip-hop-rap
mina,1,Foto da Unha (part. Veigh),hip-hop-rap
mandou,1,Foto da Unha (part. Veigh),hip-hop-rap
aqui,1,Foto da Unha (part. Veigh),hip-hop-rap
agora,1,Foto da Unha (part. Veigh),hip-hop-rap
Muito,1,Foto da Unha (part. Veigh),hip-hop-rap
bala,3,Foto da Unha (part. Veigh),hip-hop-rap
esquece,1,Foto da Unha (part. Veigh),hip-hop-rap
Tava,1,Foto da Unha (part. Veigh),hip-hop-rap
como?,1,Foto da Unha (part. Veigh),hip-hop-rap
Dando,1,Foto da Unha (part. Veigh),hip-hop-rap
talento,1,Foto da Unha (part. Veigh),hip-hop-rap
cabelo,2,Foto da Unha (part. Veigh),hip-hop-rap
mandei,1,Foto da Unha (part. Veigh),hip-hop-rap
corte,5,Foto da Unha (part. Veigh),hip-hop-rap
pediu,1,Foto da Unha (part. Veigh),hip-hop-rap
'Gosto,4,Foto da Unha (part. Veigh),hip-hop-rap
quando,9,Foto da Unha (part. Veigh),hip-hop-rap
manda,4,Foto da Unha (part. Veigh),hip-hop-rap
gosta,8,Foto da Unha (part. Veigh),hip-hop-rap
mando,4,Foto da Unha (part. Veigh),hip-hop-rap
régua,4,Foto da Unha (part. Veigh),hip-hop-rap
Debochada,4,Foto da Unha (part. Veigh),hip-hop-rap
aventura,4,Foto da Unha (part. Veigh),hip-hop-rap
debochada,4,Foto da Unha (part. Veigh),hip-hop-rap
Disse,4,Foto da Unha (part. Veigh),hip-hop-rap
traje,4,Foto da Unha (part. Veigh),hip-hop-rap
combina,4,Foto da Unha (part. Veigh),hip-hop-rap
suporte',1,Foto da Unha (part. Veigh),hip-hop-rap
'Bolsa,1,Foto da Unha (part. Veigh),hip-hop-rap
Louis,1,Foto da Unha (part. Veigh),hip-hop-rap
Vuitton,2,Foto da Unha (part. Veigh),hip-hop-rap
fala,3,Foto da Unha (part. Veigh),hip-hop-rap
Perfume,1,Foto da Unha (part. Veigh),hip-hop-rap
ChanelCasaquinho,1,Foto da Unha (part. Veigh),hip-hop-rap
DiorEla,1,Foto da Unha (part. Veigh),hip-hop-rap
quer,3,Foto da Unha (part. Veigh),hip-hop-rap
ouvir,1,Foto da Unha (part. Veigh),hip-hop-rap
dizendo:,1,Foto da Unha (part. Veigh),hip-hop-rap
todo,1,Foto da Unha (part. Veigh),hip-hop-rap
seuChristian,1,Foto da Unha (part. Veigh),hip-hop-rap
LouboutinBota,1,Foto da Unha (part. Veigh),hip-hop-rap
Bottega,2,Foto da Unha (part. Veigh),hip-hop-rap
Yves,1,Foto da Unha (part. Veigh),hip-hop-rap
Saint,1,Foto da Unha (part. Veigh),hip-hop-rap
LaurentCheiro,1,Foto da Unha (part. Veigh),hip-hop-rap
dela,2,Foto da Unha (part. Veigh),hip-hop-rap
fico,2,Foto da Unha (part. Veigh),hip-hop-rap
bobeira',1,Foto da Unha (part. Veigh),hip-hop-rap
'Contando,1,Foto da Unha (part. Veigh),hip-hop-rap
nota,1,Foto da Unha (part. Veigh),hip-hop-rap
fazendo,2,Foto da Unha (part. Veigh),hip-hop-rap
barulhoCom,1,Foto da Unha (part. Veigh),hip-hop-rap
olhando,1,Foto da Unha (part. Veigh),hip-hop-rap
acho,1,Foto da Unha (part. Veigh),hip-hop-rap
sinto,1,Foto da Unha (part. Veigh),hip-hop-rap
outro,2,Foto da Unha (part. Veigh),hip-hop-rap
lugar,2,Foto da Unha (part. Veigh),hip-hop-rap
Site,1,Foto da Unha (part. Veigh),hip-hop-rap
fofoca,1,Foto da Unha (part. Veigh),hip-hop-rap
nome,2,Foto da Unha (part. Veigh),hip-hop-rap
tudoSe,1,Foto da Unha (part. Veigh),hip-hop-rap
compra,1,Foto da Unha (part. Veigh),hip-hop-rap
hoje,2,Foto da Unha (part. Veigh),hip-hop-rap
precisa,1,Foto da Unha (part. Veigh),hip-hop-rap
mais,1,Foto da Unha (part. Veigh),hip-hop-rap
alugar',1,Foto da Unha (part. Veigh),hip-hop-rap
'Ela,1,Foto da Unha (part. Veigh),hip-hop-rap
salão,2,Foto da Unha (part. Veigh),hip-hop-rap
volta,2,Foto da Unha (part. Veigh),hip-hop-rap
cordãoPega,1,Foto da Unha (part. Veigh),hip-hop-rap
postura,1,Foto da Unha (part. Veigh),hip-hop-rap
caraSem,1,Foto da Unha (part. Veigh),hip-hop-rap
limite,1,Foto da Unha (part. Veigh),hip-hop-rap
cartãoEsse,1,Foto da Unha (part. Veigh),hip-hop-rap
nega,1,Foto da Unha (part. Veigh),hip-hop-rap
nadaPapo,1,Foto da Unha (part. Veigh),hip-hop-rap
visãoHoje,1,Foto da Unha (part. Veigh),hip-hop-rap
vida,1,Foto da Unha (part. Veigh),hip-hop-rap
cara,1,Foto da Unha (part. Veigh),hip-hop-rap
fala',1,Foto da Unha (part. Veigh),hip-hop-rap
suporte,3,Foto da Unha (part. Veigh),hip-hop-rap
Veigh,1,Foto da Unha (part. Veigh),hip-hop-rap
baby,1,Foto da Unha (part. Veigh),hip-hop-rap
'Louis,1,Foto da Unha (part. Veigh),hip-hop-rap
Versace,1,Foto da Unha (part. Veigh),hip-hop-rap
Christian,1,Foto da Unha (part. Veigh),hip-hop-rap
Dior,3,Foto da Unha (part. Veigh),hip-hop-rap
escolher,1,Foto da Unha (part. Veigh),hip-hop-rap
levar,1,Foto da Unha (part. Veigh),hip-hop-rap
valor,2,Foto da Unha (part. Veigh),hip-hop-rap
escolha,1,Foto da Unha (part. Veigh),hip-hop-rap
Rosa,1,Foto da Unha (part. Veigh),hip-hop-rap
morena,2,Foto da Unha (part. Veigh),hip-hop-rap
ter',1,Foto da Unha (part. Veigh),hip-hop-rap
'Era,1,Foto da Unha (part. Veigh),hip-hop-rap
faltavaEssa,1,Foto da Unha (part. Veigh),hip-hop-rap
gata,1,Foto da Unha (part. Veigh),hip-hop-rap
marra,1,Foto da Unha (part. Veigh),hip-hop-rap
fotinha,1,Foto da Unha (part. Veigh),hip-hop-rap
espelho,1,Foto da Unha (part. Veigh),hip-hop-rap
decoradaNão,1,Foto da Unha (part. Veigh),hip-hop-rap
bailarina,1,Foto da Unha (part. Veigh),hip-hop-rap
amendoada,1,Foto da Unha (part. Veigh),hip-hop-rap
stiletto,1,Foto da Unha (part. Veigh),hip-hop-rap
jogadaEu,1,Foto da Unha (part. Veigh),hip-hop-rap
falei,1,Foto da Unha (part. Veigh),hip-hop-rap
baile,2,Foto da Unha (part. Veigh),hip-hop-rap
assim,1,Foto da Unha (part. Veigh),hip-hop-rap
mesmo,1,Foto da Unha (part. Veigh),hip-hop-rap
yeah,1,Foto da Unha (part. Veigh),hip-hop-rap
Vestido,1,Foto da Unha (part. Veigh),hip-hop-rap
curto,1,Foto da Unha (part. Veigh),hip-hop-rap
colado,1,Foto da Unha (part. Veigh),hip-hop-rap
pulseira,1,Foto da Unha (part. Veigh),hip-hop-rap
braço,1,Foto da Unha (part. Veigh),hip-hop-rap
talentinho,1,Foto da Unha (part. Veigh),hip-hop-rap
samba,2,Foto da Unha (part. Veigh),hip-hop-rap
Peço,1,Foto da Unha (part. Veigh),hip-hop-rap
quatro,1,Foto da Unha (part. Veigh),hip-hop-rap
arranhar,1,Foto da Unha (part. Veigh),hip-hop-rap
preta,1,Foto da Unha (part. Veigh),hip-hop-rap
Confundo,1,Foto da Unha (part. Veigh),hip-hop-rap
pandeiro,1,Foto da Unha (part. Veigh),hip-hop-rap
balançaE,1,Foto da Unha (part. Veigh),hip-hop-rap
ritmo,1,Foto da Unha (part. Veigh),hip-hop-rap
dessa,1,Foto da Unha (part. Veigh),hip-hop-rap
dança,1,Foto da Unha (part. Veigh),hip-hop-rap
balança,1,Foto da Unha (part. Veigh),hip-hop-rap
Dinheiro,1,Foto da Unha (part. Veigh),hip-hop-rap
otário,1,Foto da Unha (part. Veigh),hip-hop-rap
lazer,1,Foto da Unha (part. Veigh),hip-hop-rap
malandraCompra,1,Foto da Unha (part. Veigh),hip-hop-rap
uísque,1,Foto da Unha (part. Veigh),hip-hop-rap
acha,1,Foto da Unha (part. Veigh),hip-hop-rap
bancaPor,1,Foto da Unha (part. Veigh),hip-hop-rap
isso,1,Foto da Unha (part. Veigh),hip-hop-rap
final,1,Foto da Unha (part. Veigh),hip-hop-rap
casa',1,Foto da Unha (part. Veigh),hip-hop-rap
Nagalli,1,Foto da Unha (part. Veigh),hip-hop-rap
send,1,Foto da Unha (part. Veigh),hip-hop-rap
magic,1,Foto da Unha (part. Veigh),hip-hop-rap
"[""When",1,Stereo Love (feat. Vika Jigulina),house
you're,3,Stereo Love (feat. Vika Jigulina),house
gonna,3,Stereo Love (feat. Vika Jigulina),house
stop,3,Stereo Love (feat. Vika Jigulina),house
breaking,3,Stereo Love (feat. Vika Jigulina),house
heartI,2,Stereo Love (feat. Vika Jigulina),house
don't,9,Stereo Love (feat. Vika Jigulina),house
wanna,4,Stereo Love (feat. Vika Jigulina),house
another,2,Stereo Love (feat. Vika Jigulina),house
onePaying,2,Stereo Love (feat. Vika Jigulina),house
things,8,Stereo Love (feat. Vika Jigulina),house
never,2,Stereo Love (feat. Vika Jigulina),house
doneDon't,2,Stereo Love (feat. Vika Jigulina),house
"love""",3,Stereo Love (feat. Vika Jigulina),house
"""Can",2,Stereo Love (feat. Vika Jigulina),house
your,4,Stereo Love (feat. Vika Jigulina),house
soul?Can,2,Stereo Love (feat. Vika Jigulina),house
flow?Can,2,Stereo Love (feat. Vika Jigulina),house
promise,2,Stereo Love (feat. Vika Jigulina),house
won't,4,Stereo Love (feat. Vika Jigulina),house
"go?""",1,Stereo Love (feat. Vika Jigulina),house
'All,1,Stereo Love (feat. Vika Jigulina),house
that,4,Stereo Love (feat. Vika Jigulina),house
needAll,2,Stereo Love (feat. Vika Jigulina),house
needYou,2,Stereo Love (feat. Vika Jigulina),house
make,4,Stereo Love (feat. Vika Jigulina),house
feel,4,Stereo Love (feat. Vika Jigulina),house
real',1,Stereo Love (feat. Vika Jigulina),house
"""'Cause",1,Stereo Love (feat. Vika Jigulina),house
can't,4,Stereo Love (feat. Vika Jigulina),house
denyYou've,4,Stereo Love (feat. Vika Jigulina),house
blown,4,Stereo Love (feat. Vika Jigulina),house
mindWhen,4,Stereo Love (feat. Vika Jigulina),house
touch,2,Stereo Love (feat. Vika Jigulina),house
bodyI,2,Stereo Love (feat. Vika Jigulina),house
loosing,1,Stereo Love (feat. Vika Jigulina),house
"control""",2,Stereo Love (feat. Vika Jigulina),house
"""'Cause'",3,Stereo Love (feat. Vika Jigulina),house
babyI,2,Stereo Love (feat. Vika Jigulina),house
just,4,Stereo Love (feat. Vika Jigulina),house
"""When",2,Stereo Love (feat. Vika Jigulina),house
hate,6,Stereo Love (feat. Vika Jigulina),house
cryYour,3,Stereo Love (feat. Vika Jigulina),house
smile,3,Stereo Love (feat. Vika Jigulina),house
beautiful,3,Stereo Love (feat. Vika Jigulina),house
lieI,3,Stereo Love (feat. Vika Jigulina),house
cryMy,3,Stereo Love (feat. Vika Jigulina),house
love,3,Stereo Love (feat. Vika Jigulina),house
dying,3,Stereo Love (feat. Vika Jigulina),house
inside',3,Stereo Love (feat. Vika Jigulina),house
those,2,Stereo Love (feat. Vika Jigulina),house
liesOh,1,Stereo Love (feat. Vika Jigulina),house
baby,6,Stereo Love (feat. Vika Jigulina),house
running,2,Stereo Love (feat. Vika Jigulina),house
youYou,2,Stereo Love (feat. Vika Jigulina),house
hiding,2,Stereo Love (feat. Vika Jigulina),house
insideMy,2,Stereo Love (feat. Vika Jigulina),house
heart,2,Stereo Love (feat. Vika Jigulina),house
pain,2,Stereo Love (feat. Vika Jigulina),house
smiling,2,Stereo Love (feat. Vika Jigulina),house
"you""",2,Stereo Love (feat. Vika Jigulina),house
I'll,2,Stereo Love (feat. Vika Jigulina),house
rightI,2,Stereo Love (feat. Vika Jigulina),house
need,2,Stereo Love (feat. Vika Jigulina),house
more,2,Stereo Love (feat. Vika Jigulina),house
than,2,Stereo Love (feat. Vika Jigulina),house
when,2,Stereo Love (feat. Vika Jigulina),house
with,2,Stereo Love (feat. Vika Jigulina),house
youPlease,2,Stereo Love (feat. Vika Jigulina),house
kiss,2,Stereo Love (feat. Vika Jigulina),house
this,2,Stereo Love (feat. Vika Jigulina),house
timeMy,2,Stereo Love (feat. Vika Jigulina),house
only,2,Stereo Love (feat. Vika Jigulina),house
dream,2,Stereo Love (feat. Vika Jigulina),house
about,2,Stereo Love (feat. Vika Jigulina),house
go?All,1,Stereo Love (feat. Vika Jigulina),house
"real""",1,Stereo Love (feat. Vika Jigulina),house
losing,1,Stereo Love (feat. Vika Jigulina),house
heartDon't,1,Stereo Love (feat. Vika Jigulina),house
liesBut,1,Stereo Love (feat. Vika Jigulina),house
"[""I've",1,Young And Beautiful,indie
seen,2,Young And Beautiful,indie
world,2,Young And Beautiful,indie
done,1,Young And Beautiful,indie
allHad,1,Young And Beautiful,indie
cake,1,Young And Beautiful,indie
nowDiamonds,1,Young And Beautiful,indie
brilliant,1,Young And Beautiful,indie
nowHot,2,Young And Beautiful,indie
summer,2,Young And Beautiful,indie
nights,1,Young And Beautiful,indie
mid-JulyWhen,1,Young And Beautiful,indie
were,1,Young And Beautiful,indie
forever,1,Young And Beautiful,indie
wildThe,1,Young And Beautiful,indie
crazy,1,Young And Beautiful,indie
days,2,Young And Beautiful,indie
city,1,Young And Beautiful,indie
lightsThe,1,Young And Beautiful,indie
you'd,2,Young And Beautiful,indie
play,2,Young And Beautiful,indie
with,1,Young And Beautiful,indie
like,2,Young And Beautiful,indie
"child""",1,Young And Beautiful,indie
"""Will",4,Young And Beautiful,indie
still,11,Young And Beautiful,indie
love,11,Young And Beautiful,indie
when,12,Young And Beautiful,indie
longer,7,Young And Beautiful,indie
young,4,Young And Beautiful,indie
beautiful?Will,4,Young And Beautiful,indie
nothing,3,Young And Beautiful,indie
aching,3,Young And Beautiful,indie
soul?I,3,Young And Beautiful,indie
know,9,Young And Beautiful,indie
will,6,Young And Beautiful,indie
that,7,Young And Beautiful,indie
willWill,3,Young And Beautiful,indie
"beautiful?""",3,Young And Beautiful,indie
"""I've",1,Young And Beautiful,indie
stage,1,Young And Beautiful,indie
nowChanneling,1,Young And Beautiful,indie
angels,1,Young And Beautiful,indie
rock,1,Young And Beautiful,indie
rollThe,1,Young And Beautiful,indie
your,1,Young And Beautiful,indie
showAnd,1,Young And Beautiful,indie
ways,1,Young And Beautiful,indie
knowYour,1,Young And Beautiful,indie
pretty,1,Young And Beautiful,indie
face,2,Young And Beautiful,indie
electric,1,Young And Beautiful,indie
"soul""",1,Young And Beautiful,indie
"""Dear",1,Young And Beautiful,indie
Lord,1,Young And Beautiful,indie
heavenPlease,1,Young And Beautiful,indie
bring,1,Young And Beautiful,indie
manWhen,1,Young And Beautiful,indie
comes,1,Young And Beautiful,indie
tell,2,Young And Beautiful,indie
You'll,1,Young And Beautiful,indie
inFather,1,Young And Beautiful,indie
canAll,1,Young And Beautiful,indie
grace,1,Young And Beautiful,indie
bodyAll,1,Young And Beautiful,indie
makes,2,Young And Beautiful,indie
wanna,1,Young And Beautiful,indie
partyHe's,1,Young And Beautiful,indie
shine,1,Young And Beautiful,indie
"diamonds""",1,Young And Beautiful,indie
"beautiful?""]",1,Young And Beautiful,indie
['Du,1,DEUTSCHLAND,industrial
hast,8,DEUTSCHLAND,industrial
Hast,1,DEUTSCHLAND,industrial
viel,1,DEUTSCHLAND,industrial
geweint,5,DEUTSCHLAND,industrial
Geist,1,DEUTSCHLAND,industrial
getrennt,5,DEUTSCHLAND,industrial
Herz,5,DEUTSCHLAND,industrial
vereint,5,DEUTSCHLAND,industrial
sind,8,DEUTSCHLAND,industrial
Sind,1,DEUTSCHLAND,industrial
schon,1,DEUTSCHLAND,industrial
sehr,1,DEUTSCHLAND,industrial
lang,1,DEUTSCHLAND,industrial
zusammen,1,DEUTSCHLAND,industrial
seid,4,DEUTSCHLAND,industrial
Dein,4,DEUTSCHLAND,industrial
Atem,4,DEUTSCHLAND,industrial
kalt,5,DEUTSCHLAND,industrial
Flammen,1,DEUTSCHLAND,industrial
heiß,4,DEUTSCHLAND,industrial
kannst,4,DEUTSCHLAND,industrial
weiß,4,DEUTSCHLAND,industrial
bleibt,4,DEUTSCHLAND,industrial
'Deutschland,3,DEUTSCHLAND,industrial
Mein,3,DEUTSCHLAND,industrial
FlammenWill,3,DEUTSCHLAND,industrial
dich,6,DEUTSCHLAND,industrial
lieben,4,DEUTSCHLAND,industrial
verdammenDeutschland,3,DEUTSCHLAND,industrial
kaltSo,3,DEUTSCHLAND,industrial
jung,3,DEUTSCHLAND,industrial
doch,3,DEUTSCHLAND,industrial
altDeutschland,3,DEUTSCHLAND,industrial
'Ich,1,DEUTSCHLAND,industrial
will,2,DEUTSCHLAND,industrial
verlassen,1,DEUTSCHLAND,industrial
weinst,4,DEUTSCHLAND,industrial
kann,1,DEUTSCHLAND,industrial
liebst,4,DEUTSCHLAND,industrial
hassen,1,DEUTSCHLAND,industrial
hasst,4,DEUTSCHLAND,industrial
Überheblich,1,DEUTSCHLAND,industrial
überlegenÜbernehmen,1,DEUTSCHLAND,industrial
übergebenÜberraschen,1,DEUTSCHLAND,industrial
überfallenDeutschland,1,DEUTSCHLAND,industrial
Deutschland,4,DEUTSCHLAND,industrial
über,2,DEUTSCHLAND,industrial
allen',1,DEUTSCHLAND,industrial
Deine,2,DEUTSCHLAND,industrial
LiebeIst,2,DEUTSCHLAND,industrial
Fluch,2,DEUTSCHLAND,industrial
SegenDeutschland,2,DEUTSCHLAND,industrial
Meine,2,DEUTSCHLAND,industrial
LiebeKann,2,DEUTSCHLAND,industrial
nicht,2,DEUTSCHLAND,industrial
gebenDeutschland,2,DEUTSCHLAND,industrial
'DuIchWirIhrDu,1,DEUTSCHLAND,industrial
übermächtig,1,DEUTSCHLAND,industrial
überflüssig,1,DEUTSCHLAND,industrial
Übermenschen,1,DEUTSCHLAND,industrial
überdrüssig,1,DEUTSCHLAND,industrial
hoch,1,DEUTSCHLAND,industrial
steigt,1,DEUTSCHLAND,industrial
wird,1,DEUTSCHLAND,industrial
tief,1,DEUTSCHLAND,industrial
fallen,1,DEUTSCHLAND,industrial
allen,1,DEUTSCHLAND,industrial
['AllegríaCome,1,Alegria,instrumental
lampo,2,Alegria,instrumental
vitaAllegríaCome,2,Alegria,instrumental
pazzo,2,Alegria,instrumental
gridarAllegríaDel,2,Alegria,instrumental
delittuoso,3,Alegria,instrumental
gridoBella,3,Alegria,instrumental
ruggente,3,Alegria,instrumental
pena,3,Alegria,instrumental
serenCome,3,Alegria,instrumental
rabbia,3,Alegria,instrumental
amarAllegríaCome,2,Alegria,instrumental
assalto,3,Alegria,instrumental
gioia',2,Alegria,instrumental
'AllegríaI,1,Alegria,instrumental
spark,1,Alegria,instrumental
life,1,Alegria,instrumental
shiningAllegríaI,1,Alegria,instrumental
hear,1,Alegria,instrumental
young,1,Alegria,instrumental
minstrel,1,Alegria,instrumental
singAllegríaBeautiful,1,Alegria,instrumental
roaring,1,Alegria,instrumental
screamOf,1,Alegria,instrumental
sorrow,1,Alegria,instrumental
extremeThere,1,Alegria,instrumental
love,2,Alegria,instrumental
ragingAllegríaA,1,Alegria,instrumental
joyous,2,Alegria,instrumental
magical,2,Alegria,instrumental
feeling',1,Alegria,instrumental
'AllegríaCome,1,Alegria,instrumental
gioiaDel,1,Alegria,instrumental
amarAllegriaCome,1,Alegria,instrumental
'AlegríaComo,1,Alegria,instrumental
vidaAlegríaComo,1,Alegria,instrumental
payaso,1,Alegria,instrumental
gritaAlegríaDel,1,Alegria,instrumental
estupendo,2,Alegria,instrumental
gritoDe,2,Alegria,instrumental
tristeza,2,Alegria,instrumental
locaSerenaComo,2,Alegria,instrumental
rabia,2,Alegria,instrumental
amarAlegríaComo,2,Alegria,instrumental
asalto,2,Alegria,instrumental
felicidad',2,Alegria,instrumental
'Del,1,Alegria,instrumental
'There,1,Alegria,instrumental
ragingAlegríaA,1,Alegria,instrumental
feeling'],1,Alegria,instrumental
"[""Birds",1,Feeling Good,jazz
flying,1,Feeling Good,jazz
high,1,Feeling Good,jazz
know,11,Feeling Good,jazz
feelSun,1,Feeling Good,jazz
feelBreeze,1,Feeling Good,jazz
driftin',1,Feeling Good,jazz
"feel""",1,Feeling Good,jazz
"""It's",4,Feeling Good,jazz
dawnIt's,4,Feeling Good,jazz
dayIt's,4,Feeling Good,jazz
life,4,Feeling Good,jazz
"yeah""",2,Feeling Good,jazz
oohAnd,1,Feeling Good,jazz
feeling,3,Feeling Good,jazz
"good""",2,Feeling Good,jazz
'Fish,1,Feeling Good,jazz
feelRiver,1,Feeling Good,jazz
running,1,Feeling Good,jazz
free,1,Feeling Good,jazz
feelBlossom,1,Feeling Good,jazz
tree,1,Feeling Good,jazz
feel',2,Feeling Good,jazz
meAnd,1,Feeling Good,jazz
"""Dragonfly",1,Feeling Good,jazz
SunYou,1,Feeling Good,jazz
what,3,Feeling Good,jazz
mean,1,Feeling Good,jazz
don't,1,Feeling Good,jazz
know?Butterflies,1,Feeling Good,jazz
havin',1,Feeling Good,jazz
meanSleep,1,Feeling Good,jazz
peace,1,Feeling Good,jazz
when,2,Feeling Good,jazz
done,1,Feeling Good,jazz
that's,1,Feeling Good,jazz
meanAnd,1,Feeling Good,jazz
this,1,Feeling Good,jazz
world,2,Feeling Good,jazz
worldAnd,1,Feeling Good,jazz
bold,1,Feeling Good,jazz
yeah,1,Feeling Good,jazz
'Stars,1,Feeling Good,jazz
shine,1,Feeling Good,jazz
feelScent,1,Feeling Good,jazz
pine,1,Feeling Good,jazz
feelOh,1,Feeling Good,jazz
freedom,1,Feeling Good,jazz
mine,1,Feeling Good,jazz
"""I'm",1,Feeling Good,jazz
good,1,Feeling Good,jazz
['Um,1,O Homem,jovem-guarda
certo,4,O Homem,jovem-guarda
homem,1,O Homem,jovem-guarda
esteve,1,O Homem,jovem-guarda
aquiTinha,1,O Homem,jovem-guarda
olhar,1,O Homem,jovem-guarda
mais,2,O Homem,jovem-guarda
belo,1,O Homem,jovem-guarda
existiuTinha,1,O Homem,jovem-guarda
cantar,1,O Homem,jovem-guarda
oraçãoE,1,O Homem,jovem-guarda
falar,1,O Homem,jovem-guarda
linda,1,O Homem,jovem-guarda
canção,1,O Homem,jovem-guarda
ouviu',1,O Homem,jovem-guarda
'Sua,1,O Homem,jovem-guarda
falava,1,O Homem,jovem-guarda
amorTodo,1,O Homem,jovem-guarda
gesto,1,O Homem,jovem-guarda
amorE,1,O Homem,jovem-guarda
trazia,1,O Homem,jovem-guarda
coração',1,O Homem,jovem-guarda
'Ele,1,O Homem,jovem-guarda
pelos,1,O Homem,jovem-guarda
campos,2,O Homem,jovem-guarda
caminhouSubiu,1,O Homem,jovem-guarda
montanhas,1,O Homem,jovem-guarda
falou,1,O Homem,jovem-guarda
amor,1,O Homem,jovem-guarda
maiorFez,1,O Homem,jovem-guarda
brilhar,1,O Homem,jovem-guarda
escuridãoO,1,O Homem,jovem-guarda
nascer,1,O Homem,jovem-guarda
cada,1,O Homem,jovem-guarda
coração,1,O Homem,jovem-guarda
compreendeu',1,O Homem,jovem-guarda
'Que,1,O Homem,jovem-guarda
além,2,O Homem,jovem-guarda
vida,2,O Homem,jovem-guarda
temExiste,1,O Homem,jovem-guarda
outra,1,O Homem,jovem-guarda
assimO,1,O Homem,jovem-guarda
renascer,1,O Homem,jovem-guarda
morrer,1,O Homem,jovem-guarda
fim',1,O Homem,jovem-guarda
'Tudo,3,O Homem,jovem-guarda
aqui,4,O Homem,jovem-guarda
deixouNão,3,O Homem,jovem-guarda
passou,3,O Homem,jovem-guarda
sempre,3,O Homem,jovem-guarda
existirFlores,3,O Homem,jovem-guarda
lugares,3,O Homem,jovem-guarda
pisouE,3,O Homem,jovem-guarda
caminho,3,O Homem,jovem-guarda
seguir',2,O Homem,jovem-guarda
voltarE,1,O Homem,jovem-guarda
mesmos,1,O Homem,jovem-guarda
procurar,1,O Homem,jovem-guarda
plantouE,1,O Homem,jovem-guarda
colher,1,O Homem,jovem-guarda
nasceuChorar,1,O Homem,jovem-guarda
pela,1,O Homem,jovem-guarda
semente,1,O Homem,jovem-guarda
morreu,1,O Homem,jovem-guarda
florescer',1,O Homem,jovem-guarda
'Mas,1,O Homem,jovem-guarda
ainda,1,O Homem,jovem-guarda
tempo,1,O Homem,jovem-guarda
plantarFazer,1,O Homem,jovem-guarda
dentro,1,O Homem,jovem-guarda
flor,1,O Homem,jovem-guarda
crescerPra,1,O Homem,jovem-guarda
entregarQuando,1,O Homem,jovem-guarda
chegar',1,O Homem,jovem-guarda
seguir'],1,O Homem,jovem-guarda
['Standing,1,Standing Next To You,k-pop
next,23,Standing Next To You,k-pop
you',3,Standing Next To You,k-pop
"""Play",1,Standing Next To You,k-pop
slowPush,1,Standing Next To You,k-pop
this,5,Standing Next To You,k-pop
funk,1,Standing Next To You,k-pop
give,1,Standing Next To You,k-pop
miracles,1,Standing Next To You,k-pop
body,2,Standing Next To You,k-pop
know,7,Standing Next To You,k-pop
Make,1,Standing Next To You,k-pop
knownHow,1,Standing Next To You,k-pop
left,1,Standing Next To You,k-pop
right,3,Standing Next To You,k-pop
somethin',1,Standing Next To You,k-pop
control,1,Standing Next To You,k-pop
already,2,Standing Next To You,k-pop
"""You",2,Standing Next To You,k-pop
that,5,Standing Next To You,k-pop
night,5,Standing Next To You,k-pop
long,5,Standing Next To You,k-pop
rock,2,Standing Next To You,k-pop
thisScreamin',2,Standing Next To You,k-pop
testify,4,Standing Next To You,k-pop
lovin'All,2,Standing Next To You,k-pop
flock,2,Standing Next To You,k-pop
we'll,4,Standing Next To You,k-pop
survive,4,Standing Next To You,k-pop
test,4,Standing Next To You,k-pop
timeThey,2,Standing Next To You,k-pop
can't,6,Standing Next To You,k-pop
deny,2,Standing Next To You,k-pop
loveThey,2,Standing Next To You,k-pop
divide,2,Standing Next To You,k-pop
timeI,2,Standing Next To You,k-pop
promise,1,Standing Next To You,k-pop
I'll,2,Standing Next To You,k-pop
"here""",2,Standing Next To You,k-pop
"""Standing",2,Standing Next To You,k-pop
youStanding,4,Standing Next To You,k-pop
fire,2,Standing Next To You,k-pop
it's,4,Standing Next To You,k-pop
deeper,5,Standing Next To You,k-pop
than,5,Standing Next To You,k-pop
rainIt's,2,Standing Next To You,k-pop
painWhen,2,Standing Next To You,k-pop
deep,2,Standing Next To You,k-pop
like,3,Standing Next To You,k-pop
DNASomethin',2,Standing Next To You,k-pop
they,2,Standing Next To You,k-pop
take,2,Standing Next To You,k-pop
away,2,Standing Next To You,k-pop
ayyTake-take-take-take-take-take,2,Standing Next To You,k-pop
"off""",2,Standing Next To You,k-pop
'Standing,4,Standing Next To You,k-pop
Standing,6,Standing Next To You,k-pop
'AfterglowLeave,1,Standing Next To You,k-pop
golden,1,Standing Next To You,k-pop
Moon,1,Standing Next To You,k-pop
Screamin',2,Standing Next To You,k-pop
swear,1,Standing Next To You,k-pop
standing,4,Standing Next To You,k-pop
'Hey',1,Standing Next To You,k-pop
'Bass,1,Standing Next To You,k-pop
drums',1,Standing Next To You,k-pop
'OhWoo',1,Standing Next To You,k-pop
you'],1,Standing Next To You,k-pop
"[""Yes",1,It's a good day,mambo
it's,9,It's a good day,mambo
good,10,It's a good day,mambo
singing,1,It's a good day,mambo
song,1,It's a good day,mambo
moving,1,It's a good day,mambo
alone,1,It's a good day,mambo
could,1,It's a good day,mambo
anything,1,It's a good day,mambo
wrong,1,It's a good day,mambo
from,3,It's a good day,mambo
morning',3,It's a good day,mambo
till,3,It's a good day,mambo
"night""",2,It's a good day,mambo
"""Yes",1,It's a good day,mambo
shining,1,It's a good day,mambo
your,4,It's a good day,mambo
shoes,1,It's a good day,mambo
losing,1,It's a good day,mambo
blues,1,It's a good day,mambo
Everything,1,It's a good day,mambo
gain,1,It's a good day,mambo
nothing',1,It's a good day,mambo
lose,1,It's a good day,mambo
`Cause,2,It's a good day,mambo
said,1,It's a good day,mambo
Good,1,It's a good day,mambo
morning,1,It's a good day,mambo
sunRise,1,It's a good day,mambo
shine,1,It's a good day,mambo
"today""You",1,It's a good day,mambo
know,2,It's a good day,mambo
you\'ve,2,It's a good day,mambo
gotta,1,It's a good day,mambo
goingIf,1,It's a good day,mambo
you\'re,1,It's a good day,mambo
gonna,1,It's a good day,mambo
make,1,It's a good day,mambo
showin\'And,1,It's a good day,mambo
right,1,It's a good day,mambo
"""`Cause",1,It's a good day,mambo
paying,1,It's a good day,mambo
bills,1,It's a good day,mambo
curing,1,It's a good day,mambo
ills,1,It's a good day,mambo
take,1,It's a good day,mambo
deep,1,It's a good day,mambo
breath,1,It's a good day,mambo
throw,1,It's a good day,mambo
away,1,It's a good day,mambo
pills,1,It's a good day,mambo
night,1,It's a good day,mambo
['Em,1,Em Dezembro de 81,marchas-hinos
dezembro,2,Em Dezembro de 81,marchas-hinos
81Botou,2,Em Dezembro de 81,marchas-hinos
ingleses,2,Em Dezembro de 81,marchas-hinos
roda3,2,Em Dezembro de 81,marchas-hinos
LiverpoolFicou,2,Em Dezembro de 81,marchas-hinos
marcado,2,Em Dezembro de 81,marchas-hinos
históriaE,2,Em Dezembro de 81,marchas-hinos
outro,2,Em Dezembro de 81,marchas-hinos
igualSó,2,Em Dezembro de 81,marchas-hinos
Flamengo,6,Em Dezembro de 81,marchas-hinos
campeão,2,Em Dezembro de 81,marchas-hinos
mundialE,2,Em Dezembro de 81,marchas-hinos
agora,2,Em Dezembro de 81,marchas-hinos
povoPede,1,Em Dezembro de 81,marchas-hinos
mundo,2,Em Dezembro de 81,marchas-hinos
novo',1,Em Dezembro de 81,marchas-hinos
'Dá-lhe,2,Em Dezembro de 81,marchas-hinos
dá-lhe,8,Em Dezembro de 81,marchas-hinos
Mengo,4,Em Dezembro de 81,marchas-hinos
cima,4,Em Dezembro de 81,marchas-hinos
deles,4,Em Dezembro de 81,marchas-hinos
Dá-lhe,2,Em Dezembro de 81,marchas-hinos
povoPe,1,Em Dezembro de 81,marchas-hinos
Pede,1,Em Dezembro de 81,marchas-hinos
novo,1,Em Dezembro de 81,marchas-hinos
